StnNamn,Y_SMHI,X_SMHI,,År,RDA1,Ablabesmyia longistyla,Ablabesmyia monilis,Ablabesmyia phatta,Ablabesmyia,Acamptocladius submontanus,Acroloxus lacustris,Adicella reducta,Aeshna grandis,Aeshna,Agraylea  ,Agrypnia obsoleta,Agrypnia  ,Agrypnia varia,Ameletus inopinatus,Apatania  ,Argyroneta aquatica,Asellus aquaticus,Athripsodes aterrimus,Athripsodes bilineatus,Athripsodes cinereus,Athripsodes  ,Baetis  ,Bathyomphalus contortus,Batracobdella  ,Bithynia leachii,Bithynia tentaculata,Brillia  ,Caenis horaria,Caenis luctuosa,Callicorixa producta,Callicorixa  ,Callicorixa wollastoni,Capnia  ,Centroptilum luteolum,Ceraclea annulicornis,Chaoborus flavicans,Chironomus anthracinus-typ,Chironomus plumosus-typ,Chironomus salinarius-typ,Chironomus  ,Cladopelma  ,Cladotanytarsus  ,Clinotanypus nervosus,Cloeon dipterum gr.,Cloeon inscriptum,Cloeon  ,Coenagrion  ,Collembola,Conchapelopia  ,Constempellina  ,Cordulia aenea,Corynoneura  ,Cricotopus  ,Cryptochironomus  ,Cyrnus flavidus,Cyrnus insolutus,Cyrnus trimaculatus,Demicryptochironomus  ,Demicryptochironomus vulneratus,Dendrocoelum lacteum,Dicranota  ,Dicrotendipes  ,Diura nanseni,Dreissena polymorpha,Ecnomus tenellus,Elmis aenea,Eloeophila  ,Endochironomus  ,Ephemera vulgata,Epoicocladius ephemerae,Erpobdella octoculata,Erpobdella testacea,Erythromma najas,Eukiefferiella  ,Gammarus lacustris,Gammarus pulex,Gammarus  ,Glaenocorisa propinqua,Glossiphonia complanata,Glossiphonia concolor,Glossiphonia  ,Glyphotaelius pellucidus,Glyptotendipes  ,Goera pilosa,Grammotaulius nigropunctatus,Graptodytes  ,Gyraulus acronicus,Gyraulus albus,Gyraulus crista,Gyraulus  ,Gyrinus  ,Haemopis sanguisuga,Haliplus  ,Helobdella stagnalis,Hemiclepsis marginata,Heptagenia dalecarlica,Heptagenia sulphurea,Hesperocorixa linnaei,Heterotanytarsus apicalis,Heterotrissocladius grimshawi,Heterotrissocladius marcidus,Heterotrissocladius subpilosus,Hippeutis complanatus,Holocentropus dubius,Holocentropus picicornis,Holocentropus  ,Hydracarina,Hydraena  ,Hydropsyche angustipennis,Hydropsyche  ,Hydroptila  ,Hygrotus  ,Hyphydrus ovatus,Ilybius  ,Kageronia fuscogrisea,Lauterborniella agrayloides,Lepidostoma hirtum,Leptophlebia marginata,Leptophlebia  ,Leptophlebia vespertina,Limnephilus lunatus,Limnephilus rhombicus,Limnephilus  ,Limnius volckmari,Lymnaea stagnalis,Lype reducta,Marstoniopsis scholtzi,Micronecta  ,Micropsectra  ,Microtendipes pedellus,Microtendipes pedellus-typ,Molanna albicans,Molanna angustata,Molannodes tinctus,Mystacides azurea,Mystacides longicornis,Mystacides longicornis/nigra,Mystacides  ,Nanocladius  ,Nebrioporus assimilis,Nebrioporus depressus,Nematoda,Nemotaulius punctatolineatus,Nemoura avicularis,Nemoura cinerea,Nemoura  ,Nemurella pictetii,Neureclipsis bimaculata,Notidobia ciliaris,Oecetis furva,Oecetis lacustris,Oecetis notata,Oecetis ochracea,Oecetis  ,Oecetis testacea,Omisus caledonicus,Onychogomphus forcipatus,Orectochilus villosus,Oreodytes sanmarkii,Orthetrum  ,Orthotrichia  ,Oulimnius troglodytes,Oulimnius troglodytes-tuberculatus,Oulimnius tuberculatus,Oxyethira  ,Pacifastacus leniusculus,Pagastiella orophila,Pallasea quadrispinosa,Parachironomus  ,Paracladius  ,Paracladopelma  ,Parakiefferiella  ,Parakiefferiella triquetra,Paramerina  ,Paratanytarsus  ,Paratendipes  ,Pedicia  ,Pentaneurini,Phaenopsectra  ,Phryganea bipunctata,Phryganea grandis,Phryganea obsoleta,Physa fontinalis,Piscicola geometra,Pisidium  ,Platambus maculatus,Platycnemis penn.-Pyrrhosoma nymph.,Platycnemis pennipes,Plectrocnemia  ,Polycelis  ,Polycentropus flavomaculatus,Polycentropus irroratus,Polypedilum  ,Potamopyrgus antipodarum,Potthastia longimana,Potthastia  ,Procladius  ,Prodiamesa olivacea,Prosopistoma foliaceum,Psectrocladius septentrionalis-typ,Psectrocladius sordidellus-typ,Psectrocladius  ,Pseudochironomus prasinatus,Pseudodiamesa  ,Pseudorthocladius  ,Pseudosmittia  ,Radix balthica,Radix labiata,Radix  ,Rhyacophila fasciata,Sergentia coracina,Sergentia prima,Sergentia  ,Setodes argentipunctellus,Sialis fuliginosa,Sialis lutaria,Sialis lutaria gr.,Sialis sordida,Sialis  ,Sigara  ,Sisyra  ,Somatochlora flavomaculata,Somatochlora metallica,Stagnicola  ,Stempellina  ,Stempellinella  ,Stenelmis canaliculata,Stenochironomus  ,Stictochironomus rosenschoeldi,Stictochironomus  ,Sympetrum  ,Synorthocladius semivirens,Tanytarsus brundini,Tanytarsus  ,Theodoxus fluviatilis,Theromyzon tessulatum,Thienemannimyia gr.,Tinodes waeneri,Tipula salicetorum,Triaenodes bicolor,Tribelos  ,Turbellaria,Valvata piscinalis,Ylodes  ,Zavrelia  ,Zavrelimyia  
Abiskojaure,161749,758208,,2011,-0.120685883,0,0,0,0,0,0,0,0,0,0.8,0,0,0,2.6,0,0,0,0,0,0,0,0,0,0,0,0,0,0,0,0,0,0,2.8,0,0,0,0,0,0,0,0,0,0,0,0,0,0,0,0.2,0,0,0,0.4,0,0,0,0,0,0,0,0,0,0,0,0,0,0,0,0,0,0,0,0,0,0,0.8,0.2,0,0,0.2,0,0,0,0,0,0,0,0,0,0,0,0,0,0,0,0,0,0,0,0.2,0,0,0,0,0,0,0.2,0,0,0,0,0,0,0,0,0,0,0,0,0,0,0,0,0,0,0,0,0,2.6,0,0,0,0,0,0,0,0,0,0,0,0,0,0,0,0,0,0,0,0,0,0,0,0,0,0,0,0,0,0.4,0,0,0,0,0,0,0,0,0,0,0,0,1.2,0,0,2.8,0,0,0,0,0,0,0,0,0,0.2,0,0,0,0,0,0.6,0,0,0,0.8,0,0,0,0,0,0,1.4,0,0,0,0,0.2,0,0,0,0,0,0,0,0,0,0,0,0,0,0,0,0,0,0,0,0,0,0,0,0,0,0,0,0,0,0,0,0.2,0,0,0,0,0,0,0
Allgjuttern,151724,642489,,2011,0.187408413,0,0.4,0,0,0,0,0,0,0,0,0,0,0,0,0,0,8,0,0,0.2,0,0,0,0,0,0,0,0.2,11.2,0,0,0,0,0.8,0,0,0,0,0,0,0.4,0.4,0,0,0,0,0,0,0,0,0,0.2,0.8,0,0,0,0,0,0,0,0,3.2,0,0,0,0,0,0,0,0,0.2,0,0,0,0,0,0,0,0,0,0,0,0.6,0,0,0,0,0,0,7.2,0,0,0,0.2,0,0,0,0,0.8,0,0,0,0,0,0,0,0.4,0,0,0,0,0,0,0,0,11.6,0,0,0,0,0,0,0,0,0,0,0,1.2,1,0,0,0,0,0,0.4,0,0,0,0,0,0,2,0,0,0,0,0,0,0,0,0,0,0,0,0,0,0.6,0,0,0,0,0,2.2,0,0,0,0.6,0.4,0,0,0,1,0,0,0.2,0,0,0,0,0,0,0,0,0,0,0,0,0,0,0,0,0,0.2,0,0,0,0,0,0,0,0,15.2,47,0,0,0,0,0,0,0,0,0,0,0,0,0,0,0,0,0,0,0,1.8,0,0,0,0,0,0,0,0,0,0,2.8,0,0,0,0,0,0,0,0,0,0,0,0
Alsjön,130644,647050,,2011,-0.065517512,0,0,0,0,0,0,0,0,0,0,0,0,0,0,0,0,1.8,0,0,0,0,0,0,0,0,0,0,0,0,0,0,0,0,0,0,0,0,0,0,0,1.2,26.8,0,0,0,0,0.2,0,0,0,0.4,0,0,0,3,0,0,0,0,0,0,0,0,0,0,0,0,1.4,0,0,0,0,0,0,0,0,0,0,0,0,0,0,0.4,0,0,0,0,0,0,0,0,0,0,0,0,0,0,0,4.6,0,0,0,0,0,0,0,6.6,0,0,0,0,0,0,0,0,0,0,0,0,19.2,0,0,0,0,0,0,0,0,0,0,0,0,0.6,0,0,0,2,0,0,0,0,0,0,0,0,0,0,0,0,0,0,0,0,0,0,0,0,0,0,0,0,0,0,0,0.4,0,48.2,0,0,0,0,20,0,0,0,0,0,0,0,0,0,0,0,0,0,0,0,0,0,0,0,0,0,0,0,0,9.6,0,0,0,0,5.8,0,0,0,0,0,0,0,0,0,0,0,0,0,13.8,0,0,0,0,0,0,0.4,0,0,0,0,1.2,0,0,0,0,0,1.4,0,0,2.2,0,0,0,2.2,0,0,0,0,0
Bjännsjön,172465,713404,,2011,0.179450252,0,0,0.8,0,0,0,0,0,0,0,0.6,0,0,0,0,0,22.2,0,0,0,0,0,0,0,0,0,0,0,0,0,0,0,0,0,0,0,0,0,0,0,0,7.6,0,1,0,0,0,0,12.8,0,0,1.4,11.8,0.6,3,0,0,0,0,0.2,0,0.6,0,0,0,0,0,4.8,0.2,0,0,0,0,0,0,0,0,0,0,0,0,0,0,0,0,0,0,0,0,0,0.2,0,0,0,0,0,0,0,0,0,0,0,0,0,0,0,0.8,0,0,0,0,0,0,0,2.2,0,0,0.2,0,17.4,0,0,0,0,0,0,0,0,0,0,0,0,0,0,0,0,0,0,0,0,0,0,0,0,0,0,0,0,0,0,0,0,0,0,0,0,0,0,0,0,0,0,0,0,6.8,0,0,0,0,0,0,0,0,0,0,0,0,0,0,0,0.2,0,0,0,16.8,0,0,0,0,0,0,0,1.6,0,0,0.8,0,0,0,0,0,71.2,1.6,0,0,0,0.2,0,0,0,0,0,0,0,0,0,0,0,0,0,0,0,0.4,0,0,0,0,1.4,0,0,0,0,0,27.2,0,0,0,0,0,0,0,0,0,0,0,0
Björken,159032,652707,,2011,0.101531911,0,0,0,0,0,0,0,0.2,0,0,0,0,0,0,0,0,78.4,0,0,0,0,0,0,0,0,0,0,23.8,27.4,0,0,0,0,0,0,0,0,0,0,0,0,0,0,0.2,0,0,0.2,0,17.4,0,0,0.4,0,0,1.4,0,0.4,0,0.4,0,0,2,0,0,0.8,0,0,1.8,3,1.6,1.6,0,0.2,0,0,0,0,0,0,0,0,0,0,0,0,0,0,0,0,0,0,0,0.2,0,0,0,0,0,0,0,0,0,0,0,0,0,4.8,0,0,0,1.4,0,0,0,22.6,0,6.4,4,0,13.4,0,0,0,0,0,0.2,0.2,0,0,0,0,0,0,0.4,10.4,0,0,11.4,0,0,0,0,0,0,0,0,0,0,0,0,0,0,0,0,2.6,0,0,0.2,0,0,0.2,0,66.8,0.2,0,0,0,0,0,0,0,0,0,0,0,0,0.2,0,0,0,0,0,0,0,5.6,0,0,0,0,0.2,11.2,2,3.4,0,0,0.6,0.2,0,0,0,0,2.8,2.2,0,0,0,0,0,0,0,0,0,0,0.8,0,0,0,0,0.4,0,0,0,0.2,0,0,0,0,0,0,0,0,0,0,21.8,0,0,0,10.2,0,0,0,0.4,0,0,0,0
Brunnsjön,149526,627443,,2011,0.048127188,0,0.8,0.4,0,0,0,0,0,0,0,0,0,0,0,0,0,45.4,0.2,0,0,0,0,0,0,0,0,0,0,0,0,0,0,0,0,0,0,0,0,0,0,0,0,0,0.2,0,0,0,0,1.2,0,1.8,0,0,0,2.2,0,0,0,0,0,0,0.4,0,0,1,0,0,0,0,0,0,0,0.2,0,0,0,0,0,0,0,0,0,0,0,0,0,0,0,0,0,0,0,0,0,0.2,0,0,0,0,0,0,0,0,0,0,0,2.6,0,0,0,0,0,0,0,0,0,0,0,0,22.6,0,0,0,0,0,0.2,0,0,0,0,1,0,0,0.6,0.8,0,2.6,0,0.2,0,0,0,0,0,0,0,0,0,0,0,0,0,0,0,0,0,0,0,0,0,0,0,0,0,0,0,0,0,0,0,0,0,0,0,0,0,0,0,0,0,0,0,0,0,0,0,0,0,0,0,0,0,0,0,0,0,1.8,0,0,0,0,0.6,0.4,0,0,0,0,0,0,0,0,0,0.6,0,0,0.6,0,0,0,0,0,0,0.4,0,0,0,0,0,0,0,0,0,0,0.4,0,0,0,0,0,0,0,0,0,0,0,0.2
Brännträsket,175926,728095,,2011,-0.054079837,0,0,0,0,0,0,0,0,0,0,0,0,0,0,0,0,3.8,0.2,0,0,0,0,0,0,0,0,0,4.2,0,0,0,0,0,0,0,0,0,0,0,0,0,1,0,0,0,0,0,0,0.2,0,0.2,1,4.6,0,0,0,0,0,0.8,0,0,0.4,0,0,0,0,0,0.4,0,0,0,0,0,0,0,0,0,0,0,0,0,0.2,0.8,0,0,0,0,0,0,0,0,0,0,0.2,0,0,0,0,0,0,0.2,0,0,0,0,0,2,0,0,0,0.2,0,0,0,2.2,0.4,0.4,6.8,0,21,0,0,0,0,0,0,0,0.2,0,0,0,0,0,0,0,0,0,0.2,0,0,0,0,0,0,0.2,1.2,0,0,0,0,0,0,0,0,0,0,0,0,0,0,0,0,0.2,0,0,0,0,0,0,0,0,0,0,0,0.6,0.2,0,0.2,0,0,0,0,0,0,1,0,0,0,0,0,0,0,0,0,0,0.2,0.2,0,0,0,0,7.4,0,0,0,0,0,0,0,0,0,0,0,0,0,0,0,0,0,0,0,0,0,0,0,0,0,0,0,1.4,0,1.6,0,1.2,0,0,0,0,0,0,0,0,0,0,0,0
Bysjön,130264,658086,,2011,-0.089388064,0,0,0.6,0,0,0,0,0,0,0,0,0,0,0,0,0,2,0,0,0,0,0,0,0,0,0,0,2.2,7.4,0,0,0,0,0,0,0,0,0,0,0,0,0.8,0,0.8,0,0,0,0,1.4,0,0.4,0,0,0,0,0,0.2,0,0.2,0,0,0,0,0,0.8,0,0,0,0,0,0.2,0,0.2,0,0,0,0,0,0,0,0,0,0,0,0,0,0,0,0,0,0,0,0,0,0,0,0,0,1.4,0,0,0,0,0,0,0,0,0,0,0,0,0,0,0,0.4,0,0,1,0,0.2,0,0,0.2,0,0,0,0,0,0,0,0,0,0,0,0,0,0,0,0,0,0,0,0,0,0,0,0,0,0,0,0,0,0,0,0,0,0,0,0,0,0,0,2.4,0,0.2,0,0.4,0,0,0,0,0,0,0,0,0,0,0,0,0,0,0,0,0,0.2,0,0,0,0,0,0,0,0.4,0,0,0,0,0,0,0,0,1.8,0.4,0,0,0,0,0,0,0,0,0,0,0,0,0,0,0,0,0,0,0,0,0,0,0,0,0,0,0,0,0,0,11,0,0,0,0,0,0,0,0.2,0,0,0,0
Bäen,141149,623624,,2011,-0.005123434,0,0,0,0,0,0,0,0,0,0,0,0,0,0,0,0,0,0,0,0,0,0,0,0,0,0,0,0,0,0,0,0,0,0,0,0,0,0,0,0,0,0.8,0,0,0,0,0,0,0,0,0,0.2,0,0.4,0.8,0,0,0,0.2,0,0,0.8,0,0,1.6,0,0,0.4,0,0,0,0,0,0,0,0,0,0,0,0,0,0,3,0,0,0,0,0,0,0,0,0,0,0,0,0,0,0,0,0,0,0,0,0,0,0,0.8,0,0,0,0,0,0,0,0,0.6,0,0.6,0,15,0,0,0,0,0,0,0,0,0,0,0,0,1.4,0.2,2.4,0,0,1,0,0,0,0,0,0,0,0,0,0,0,0,0,0,0,0.2,0,0,0,0,0,0,0,0,0,0,0.4,0,1.4,0,0,0,0,0,0,0,0,0,0,0,0.4,0.4,0,0,0,0,0,0,0,0,0,0,0,0,5.6,0,0,0,1.8,0,0,0,0,0.2,0.4,0,0,0,0,0,0,0,0,0,0,0,0,2,0,0,0,0,0,0,0,0,0,0,0,0,0,0,0,0,0,3,0,0,0.2,0,0,0,0,0,0,0,0,0
Bästeträsk,168553,642555,,2011,0.030553603,0,0.2,0,0,0,0,0,0,0,2.4,0,0,0,0,0,0,37.4,0.2,1.8,0.6,0.8,0,0,0,0,0.4,0,0,39.8,0,0,0,0,41,0,0,0,0,0,0,0.2,0.8,0,0,0,0,0,0,15,0,0,0,0,0.2,0,0,0.8,0,0,0.6,0,0.2,0,0,0,0.4,0,0.2,0,0,0.4,0,0,0,0,0,0,0,0,0,0,0,3.2,0,0,0,0,0,0,0,0,0,0.2,0,0,0,0,0,0,0,0,0,0,0,0,0,0,0,0,0,0,0,0,0,0,4.8,0.2,0,0,0.4,0,0,0,0,0,0,0,0.2,0,2.6,0,0,0,0,0.4,0,0,0.6,0,0,0,0,0,0,0,0,0,0,0,0,0,0,0,0,0,0,0,0,0,0,0,0,10.2,0.2,0,0,3,0,0,0,0,5.2,0,0,1.4,0,0,0,0,0.2,0,0,0,0,6.2,0,0,0,0,0,0,0,1.6,0,0,0,1.2,0,0,0,0,8,4.2,0,0,0,0,0,0,0,0,0,0,0,0,0,1,0,0,0,0,0,0,0,0,0,0,0,0,0,0,0,0,25,0.4,0,0,0,0,0,0,0,0,0,0,0
Dagarn,149337,664197,,2011,0.126042626,0,0,4.4,0,0,0,0,0,0,0,0.4,0,0,0,0,0.4,86.4,0.4,0,0.2,0,0,0,0,0,0.2,0,40.2,42.2,0,0,0,0,0,0,0,0,0,0,0,0.4,8.2,0,0,0,0,0.2,0,5.4,0,0.4,2.4,0,0,1.4,0,0,0,1.4,0.2,0,0.4,0,0,2.8,0.2,0,1.6,0,0,0.2,0,0,0,0,0,0,0,0,0,0,0,0,0,0,0,0,0,0,0,0.2,0.2,0,0.2,0,0,0,0,0,0,0,0,0,0,0,0,5.4,0,0,0,5.6,0,0,0,6.8,3.2,1,0.6,0,22.6,0,0,0,0,0,0,0,5.8,0,0,0,0,0,0,2.4,0,0,0,0,0,0.2,0,0,0,0,0,0,0,0,0,0,0,0,0.4,1.2,0,0,0,0,0,0,0,17.2,0.8,1,0,0,0,0,0,0,0,0,0,1.6,0,0,0,0,0,0,0,0.2,0,0.6,0,0,0,0,0.2,8.6,0.2,0,0,0,1.8,1.2,0,0,0,0,5.4,0.4,0,0,0,0,0,0,0,0,0,0,0,0,1,0,0,0,0,0,0,0,0,0,0,0,0,0,0,0,0,0,45.4,0,0,0,0.6,0,0,0,0,0,0,0,0
Degervattnet,152086,708512,,2011,-0.131352698,0,0,0,0,0,0,0,0,0,0,0,0,0,0,0,0,0,0,0,0.2,0,0,0,0,0,0,0,2,0,0,0,0,0,0,0,0,0,0,0,0,0,0.4,0,0,0,0,0,0,0.6,0,0,0,0.6,0,0.2,0,0,0,0,0,0,0.2,0,0,0,0,0,0.6,0,0,0,0,0,0,0,0,0,0,0,0,0,0,0,0,0,0,0,0,0,0,0,0,0,0,0,0,0,0,0,1,0,0,0,0,0,0,0.4,0,0,0,0,0,0,0,29.4,0,0,6.4,0,10.8,0,0,0,0,0,0,0,0,0,0,0,0,0,0,0,0,0,0,0,0,2.6,0,0,0,2.6,0,0,0,0,0,0,0,0,0,0,0,0,0,0,0,0,0,0,0,0,0,0,1.6,0,0.2,0,0,0,0,0,0,0,0,0,0,0,0,0,0,0,0,0,0,0,0,0,0,0,0,0.4,0,0,0,0,0,0,1.4,0,0,0,0,0,0,0,0,0,0,0,0,0,0,0,0,0,0,0,0,0,0,0,0,0,0,0,0,0,0,0,1.4,0,0,0,0,0,0,0,0,0,0,0,0
Djupa Holmsjön,156963,656263,,2011,0.113314265,0,0,0,0,0,0,0,0,0,0,0.8,0,0,0,0,0,54.3,0,0,0,0,0,1,0,0,0,0,6.5,10.5,0,0,0,0,0,0,0,0,0,0,0,0,6,0,0,0,0,0,0,9.5,0,2.3,4,0,0,0.5,0,0.5,0,0,0,0,4.5,0,0,0.8,0,0,0,0,0,2,0,0,0,0,0,0,0,0,0,0,0,0.8,0,0,0,0,0,0,0,0,0,0,0,0,0,0,0,0,0,0,0,0,0,0,0,1.5,0,0,0,0.3,0,0,0,0,0,0,10.5,0,16.3,0,0,0,0,0,0,0,0,0,0,1.5,0,0,0.3,7.3,0,0,3.3,0,0,0,0,0,0,0,0,0,0,0,0,0,0,0,0,0,0,0,0,0,0,0,0,1.3,0,0.3,0,0,0,2.3,0,0,0,0,0,0,0,0,0,0,0,0,0,0,0,7.3,0,0,0,0,0,0,0,1,0,0,0,0.8,0,0,0,0,63,3,0,0,0,0,0,0,0,0,0,0,0,0,0,0,0,0,0,0,0,0.3,0,0,0,0,0,0,0,0,0,0,26.3,0,0,0,3.3,0,0,0,0,0,0,0,0
Dunnervattnet,144608,713131,,2011,-0.066521886,0.4,0,0,0,0,0,0,0,0,0,0,0,0,1.8,0,0,0,0,0,0,0,0,0,0,0,0,0,0.2,0,0,0,0,19.6,0,0,0,0,0,0,0,0,0,0,0,0,0,0,0,5,0,0,0.2,1,0,0,0,0,0,0,0,0,0,0.2,0,0,0,0,0,0,0,0,0,0,0,0,0,0,0,0,0,0,0,0,0,0,0,0,0.4,0,0,0,0,0,0,0,0,0,0,0,0,0,0,0,0,0,0,0,0,0,0,0,0,0,0,0,0,0,0,0,1.2,0,0,0,0,0,0,0,0,0,0,0,0,0,0,0,0,0,0.4,0,0,0,0,0,0,0,0,0,0,0,0,0,0,0,0,0,0,0,0,0,0,0,0,0,0,0,0,0,0,0,0,0,0,0,0,0.4,0,0,0,0,0,0,0,0,0,0.2,0,0,0,0,0,0.6,0,0.4,0,0.2,0,0,0,0,0,0,1.8,0,0,0,0.6,0,0,0,0,0,0,0,0,0,0,0,0,0,0,0,0,0,0,0,0,0,0,0,0.2,0,0,0,6.6,0,0,0,0,0,0,0,0,0,0,0,0
Edasjön,161779,663365,,2011,-0.100731932,0,0,0.2,0,0,0,0,0,0,0,0,0,0,0,0,0,0.6,0,0,0,0,0,0,0,0,0.4,0,74.2,0,0,0,0,0,8.2,0,0,0,0,0,0,0,4.6,0,18,0,0,0,0,0.2,0,0.2,1.2,0.4,1.6,0,0,0,0,0,0,0,0,0,0,0,0,0,6.2,0,0,0.6,0,0.6,0,0,0,0,0,0,0,0,0,1.6,0,0,0,0,0.8,1,0,0.4,0,0,1.8,0,0,0,0,0,0,0,0,0,0,0,0,11.2,0,0,0,0,0,0,0,0,0,0,0.4,0.6,0,0,0,0,0,0,0,1,0.4,0,0,0,0,1,0,0,0,4,0.2,0,0,0,0,0.4,0,0,0,0,0,0,0,0,0,0,0,0,0,0,0,0,0,0,0,0,0,0,0,0,0,0,0,0,0,0,0,2.8,0,0,0,0,0,0,0,0,0.4,5.6,0,0,0,0,0,0,0,0.2,0,0,0,0.2,0,0,0,0,0,0.2,0,0,0,0.2,0,0,0,0,0,0,0,0,0,0,0,0,0.2,0,0,0,0,0.2,0,0,0,0,0.6,0,0,0,1.6,0,0,0,0,0,0.2,0.4,0,0,0,0,2.4
Ekholmssjön,156927,663907,,2011,-0.187526519,0,2.4,0,0,0,0,0,1.2,0,45.4,0,0,0,0,0,0,330,1.2,0,0,0,0,2.2,0,0,1.8,0,37,96.2,0,0,0,0,0,0,0,0,0,0,0,0,0,1.2,6.2,0,0,0.2,0,8.6,0,0.6,0,0.8,0,3.8,0,9.4,0,0.4,0,0,2.2,0,0,0,0,0,1.4,10.6,10.4,3,0,1.6,0,0,0.8,0,0,0,0,0,0,0,0,0,0,0.2,6.6,0.4,0,0,0,0,0,0,0,0,0,0,0,0,0,12.8,0,0,0,12.2,0,0,0,0,0,0,0,21.4,0,0,16.8,0,16.6,0,0,0,0,0,0.2,44.8,0,0,0,4.2,0,0,0,2.6,0,4.8,0,0,0,0,0,1.2,0,0,0,0,0,0,0,0,0,0,0,2,0,0,0,0,0,0.2,0,0,0,12.8,0,0,0,1.4,0,0,3.2,0,0,0,0,0,0,0,0,0.4,0,0,0,34,0,1.4,0,0,0,0,7.8,1.4,0,0,0,5.6,0,0,0,0,19.2,44.4,0,0,0,1.6,0,0,0,0,0,0,0,0,0.6,0,0,0,0,0.8,0,3.8,0,0,0,0,1.4,0,0,0,0,0,15.2,0,0,2.6,6.2,0,0,0.8,2.4,0.4,0,0,0
Fagertärn,143620,651558,,2011,-0.014983756,0,0,5.8,0,0,0,0,0.2,0.2,0,0.8,0,0,0,0,0,35,0,0,0,0,0,0,0,0,0,0,4,0,0,0,0,0,0,0,0,0,0,0,0,0,0.8,0.6,0,0,0,0,0,5.6,0,0,0,1,0,5.6,0,0,0,0,0,0,0.6,0,0,2.2,0,0,0,0,0,0.2,0,0.4,0,0,0,0,0,0,0,0,0,0.8,0,0,0,0,0,0,0,0,0,0,0,0,0,0,0,0,0,0,0,0,0,0,0,0.6,0,0,0,0,0,0,0,0.2,12.4,0,7,0,38.8,0,0,0,0,0,0,0,0,0,0,0.4,0,0,0,0,0,2.8,0,0,0,0,0,0,0,0,0,0,0,0,0,0,0,0,0,0,0,0,0,0,0,0,0,0,0,1.2,0,24.4,0,0,0,0,0,0,0,0,0,0,0,0,0,0,0,0,0,1,0,0,0,0,0,0,0,7.4,0,0,0,8.2,0,0,0,0,6.4,7.6,0,0,0,0,0,0,0,0,0,0,0,0,2,0,0,0,0,0,0,0,0,0,0,0,0.4,0,0,0,0,0,8.6,0,0,0,0,0,0,0,0,0,0,0,0
Fiolen,142267,633025,,2011,0.057993743,0,0,0,0,0,0,0,0,0,0,0.2,0,0,0,0,1.8,86.4,0,0.2,0.6,0.2,0,0,0,0,0,0,0.6,7.4,0,0,0,0,9.2,0,0,0,0,0,0,0,69.4,0,0,0,0,0,0,1,0,0,0.4,2.6,0,0,0,0,0,4,0,0,0,0,0,0,0,0,0,0.2,0,2,0,0,0,0,0,0,0,0,0,0,0,1,0.2,0,0,0,3.6,0,0,0,0,0,0,0,0,0,0,0,0,0,0,0,0,0,0,4,0,0,0,2.6,0,0,0,15.8,0,3,3,0,14.6,0,0,0,0,0,0,0,0.2,0,0,0,0,1,0,0,0.4,0,1,0,0,0,0,0,0.6,0,0,0,0,0,0,0,0,0,0,0,0,0,0,0,0,0,0.4,14.6,0,9.2,0,0,0,0,0,0,1.2,0,0,3,0,0,0,0,0,0,0,0.2,0,68,0,0,0.2,0,0,0,0,1.4,0,0,0,0,0,0,0,0,1.8,2,0,0,0,0,0,0.2,0,0,0,0,0,0,0.4,0,0,0,0,0.2,0,0,0,0,0,0,0,0,1.4,0,0.4,0,0.4,0,0,0,2.4,0,0,0,1,0,0,0,0
Fjärasjö,146677,638725,,2011,-0.080338646,0,0,1.2,0,0,0,0,0,0,0,0,0,0,0,0,0,28.2,0,0,0,0.2,0,0,0,0,0,0,3.8,12,0,0,0,0,0.6,0,0,0,0,0,0,0,0.4,0.4,1.4,0,0,0,0,7.4,0,0,0.4,0.8,0,0.4,0,0.6,0,1,0,0,0.4,0,0,1.8,0,0,0,3.6,3.2,0,0,0,0,0,0,0,0,0,0,0,0,0.2,0.2,0,0,0,0,0,0,0,0,0,0,0,0,0,0,0,0,2.2,0,0,0,0,0,0.2,0,0,0,0,0,0,0,2.6,0,0,1.4,0,11.8,0,0,0,0,0,0,0,0,0,0,0.2,0,0.2,0,1.2,0,0.2,0,0,0,0,0,0,0.8,0,0,0,0,0,0,0,0,0,0,0,0,0,0,0,0,0,0,0,0,0.4,0,0,0,0,0,0,0.2,0,0,0,0,0,0,0,0,0,0,0,0,8.8,0,0,0,0,0,0,0,5.8,0,0,0,0,0,0,0,0,1,0.8,0,0,0,0,0,0,0,0,0,0,0,0,0,0,0,0,0,0.2,0,0,0,0,0,0,0.2,0,0,0,0,0,2.2,0,0,0,0.2,0,0,0.6,0,0,0,0,0.2
Fräcksjön,128665,645289,,2011,-0.053640595,0,0,10,0,0,0,0,0,0,0,0,0,0,0,0,0,88.2,0,0,0,0,0,0,0,0,0,0,0.6,4.8,0,0,0,0,0,0,0,0,0,0,0,0,0,0,2.6,0,0,0,0,0.2,0,0.4,0.6,0,0,0.4,0,0.2,0,0,0.4,0,0.8,0,0,0.8,0,0,0.2,0.4,0,0.4,0,0,0,0,0,0,0,0,0,0.2,0,1.2,0.2,0,0,0,0,0,0,0,0,0,0,0,0,0,0,1.8,0,0,0,0,0.6,0,0,2,0,0,0,0,0,0,0,0.6,1.4,0.6,3.4,0,15.6,0,0,1.8,0,0,0,0,0,0,0,3,0,0.2,0.4,7.2,0,0,0.2,0,0,0,0,0,0,0.2,0,0,0,0,0,0,0,0,0,0,0,0,0.2,0,0,0,0,1.8,0.4,0,0,3.8,0,0.6,0,0,1,0,0,0,0,0,0.6,0,0,0,0,0,0,4,0,0.4,0,0,0,0,1.6,2.6,0,0,0,0.2,0,0,0,0,0,0.8,0,0,0,0,0,0,0,0,0,0,0,0,5.6,0,0,0,0,0,0,0,0,0,0,0,0,0,0,0,0,0,13.6,0,0,0,0.2,0,0,0.6,0,0.2,0,0,0
Fyrsjön,148125,704082,,2011,-0.142455022,0.8,0,0.6,0.4,0,0,0,0,0,0,0.8,0,0,0,0,0,4.6,1,0,0.4,0,0,0,0,0,0,0,23.4,0,0,0,0,0,3.6,0.4,0,0,0,0,0,0,3.6,0,0,0,0,0,0,11.8,0,0,1.2,0,0,0.2,0,1.2,0,1.6,0.2,0,0,0,0,0,0,0,0,0.4,0,0,0,0,0,0,0,0,0,0,0,0.2,0,0.2,0,0,0,0,0,0,0,0.2,0,0,1,0,0,0,0,0,0.8,6,0,0,0,0,0,0.2,0.6,0,0,0,0,0,0,6.8,0,0.6,24.8,0,68,0,0,0,0,0,0,0,1,0,0,0,0,0.2,0,0,0,0,0.2,0,0,0.8,0,0,0.4,41.2,3.4,0.2,0,0,0,0,0,0,0,0,0,0,0,0,0,0,0,0,0,0,0,0,0,0,0,0,0,0,0,0,0,0,0,0,0,0,0,0,0,1.8,0,0,0,0,0,0,0,0.4,0,0,0,1,0,0,0,0,1.2,0,0,0,0,0,0,0,0,0,0,0,0,0,0.4,0,0,0,0,0,0,0,0,0,0,0,0,0,0,0,0.4,0,2.2,0,0,0,0,0,0,0,0.8,0,0,0,0
Fysingen,161885,660749,,2011,-0.054452209,0,3.8,0,0,0,2,0,0,0,0,0.2,0,0,0,0,0,164,0.2,0,1.8,0,0,0,0,0,0.8,0,100.6,46,0,0,0,0,0,0,0,0,0,0,0,0,0.8,0,1,0,0.2,0,0,14,0,0,0.2,0.8,0,0.6,0,0.4,0,0,0,0,5.6,0,35,0.2,0,0,4.6,0,0,2.8,0,0,0,0,0,0,0,0,0,2,0,9.4,0,0,0,0.4,0,0,0,0,0.2,0,6,0,0,0,0,0,0,0,0,1,0,0,0,4,0.2,0,0,0.2,0,0,0,2.8,0,0,0,0,0,0,0,0,0,0,0,0,0,0,0,12.2,0,0,0,4,0,6.2,0,0,0,0,0,0,0,0,0,0,0,0,0,0,0,0,0,0,0,0,0,0,0,22.6,0,4.4,1.4,1.6,0,0,0,2.8,0,0,0,0,0,0,0,0,0,0,0,0.2,0,0,0,3,0,1.2,0,0,1,0.6,0,9.4,0,0,0,8.8,0,0,0,0,0,0,0,0,0,0,0,0,0,0,0,0,0,0,0.4,0,0,0,0,0,0,1,0.2,0,0,0,3.6,0,0,0,0,0,1.6,2.8,0,0,0,0,0,1.2,3,0.6,0,0,0
Gipsjön,138082,672729,,2011,0.125261423,5.6,0,0,0,0.2,0,0,0,0,0,0.2,0,0,0,0,0,0,0,0,0,0,0,0,0,0,0,0,0,0,0,0,0,0,0,0,0,0,0,0,0,0,0,0,0,0,0,0,0,1,0,0,0,2.8,0,1,0,0,0,0,0,0,4.6,0,0,0,0,0,16.6,0,0,0,0,0,0,0,0,0,0,0,0,0,0,0,0,0,0,0,0,0,0,0,0,0,0,0,0,0,0,0.8,0,9.8,0,0,0,0,0,0.2,0,0,0,0,0,0,0,1.2,0,0,0.2,0,19.2,0,0,0,0,0,0,0,0,0,0,0,0,0,0.8,0.2,0,0,0,0,0,0,0,0,0,0,0,0,0,0,0,0,0,0.4,0,0,0,0,0,0,0,0,0,0,0,0.2,0,0,0,0,0,0,2.6,0,0,0,0,0,0,0,0,0,0,0,0,0,0,0,0,0,0,0,0,0,0,0,0,0.8,0,0,0,0,63.8,0.8,0,0,0,0,0,0,0,0,0,0,0,0,0.6,0,0,0,0,0,0,0.2,0,0,0,0,0,0,0,0,0,0,6,0,0,0,0,0,0,0.2,0.2,0,0,0,0
Gosjön,156174,677506,,2011,-0.091782383,0.6,0,0.2,0,0,0,0,0,0.6,0,0,0,0,0,0,0,1,0,0,0,0,0,0,0,0,0,0,2.8,0.2,0,0,0,0,0.2,0,0,0,0,0,0,0.2,0,0,0,0,0.2,0,0,0.4,0,0,0,0,0,1.8,0,0.2,0,0,0,0,0.2,0,0,0,0,0,0.6,0,0,0.4,0,0,0,0,0,0,0,0,0,0,0,0.4,0,0,0,0,0,0,0,1.2,0,0,0,0,0,0,0,0,0,0,0,0,0.6,0,0,0,0,0,0,0,0,0,0,0,0,0,0.2,0,3.4,0,0,0,0,0,0,0,0,0,0,0,0,0,0,0,0,0,0,0,0,0,0.2,0,0,0,0,0,0,0,0,0,0,0,0,0,0,0,0,0,0,0,0,0,0,0,0,0,0,0,0,0,0,0,0,0.2,0,0,0,0,0,0,0,0,0,0,0,0,0,0,0,0,0,0,0,0,0,0.2,0,0,0,0,2,0.2,0,0,0,1.2,0,0,0,0,0,0,0,0,1.4,0,0,0,0,0,0,0.6,0,0,0,0,0,0,0,0,0,0,0.2,0,0,0,0,0,0,0,0,0,0,0,0
Granvattnet,126302,646293,,2011,0.093431894,0,0,0,0.2,0,0,0,0,0,0,0,0,0,0,0,0,1.2,0,0,0,0,0,0,0,0,0,0,0,19.6,0,0,0,0,0,0,0,0,0,0,0,0,0.4,0,0,0,0,0,0,0,0,0,0,0,0,0,0,0,0,0,0,0,0,0,0,0,0,0,0,0,0,0,0,0.2,0,0,0,0,0,0,0,0,0,0.2,0,0,0,0,0,0,0,0,0,0,0,0,0,0,0,0,0,0,0,0,0,0,0,0.4,0,0,0,0,0,0,0,0.2,0,0,0,0,12,0,0,0,0,0,0,0,0,0.4,0,0,0,0,0,0,0,0,0,0,0,0,0,0,0,0,0,0,0,0,0,0,0,0,0.2,0,0,0,0,0,0,0,0,0,0,0,0,0,0,0,0,0,0,0,0,0,0,0,0,0,0,0,0,0,0,0,0,0,0,0,0,0,0,1,0,0,0,0.2,0,0,0,0,0,0,0,0,0,0,0,0,0,0,0,0,0,0,0.2,0,0,0,0,0,0,0,0,0,0,0,0,0,0,0,0,0,0,0,0,0,0,0,0,0.8,0,0,0,0,0
Grissjön,146163,651578,,2011,0.24478781,0,0,12.8,0,29.8,0,0,0,0,0,0,0,0,0,0,3,53,0,0,0,0,0,0,0,0,0,0,0,0,0,0,0,0,0,0,0,0,0,0,0,0,1.6,0,0,0,0,0,0,32,0,0.4,6.6,3.2,0,0,0,0,0,0,0,0,27,0,0,2,0,0,13.2,0,0,0.8,0,0,0,0,0,0,0,0,0,0,0,0,0,0,0,0,0,0,0,0,0,0,0.8,0,0,0,0,0,0,0,0,0,1,0,0,4,0,0,0,0,0,0,0,0,2,0,0,0,14.6,0,0,0,0,0,0,0,0,0,0,1.4,0,1.8,0,0,0,17,0,0,0,0,0,0.4,0,0,0,0,0,0,0,0,0,0,0,0,0,0,0,0,0,0,0,0,0,13.4,0,0,0,0,0,0,0,0,0,0,0,0,0,0,0,0,0,0,0,46.6,0,0,0,0,0,0,0,2.8,0,0,0,13.6,0,0,0,0,141.6,69.4,0,0,0,0,0,0,0,0,0,0,0,0,5.2,0,0,0,0,0,0,0,0,0,0,0,0,0,0,0,0,0,22.6,0,0.2,0,0,0,0,0,0,0,0,0,0
Hagasjön,137392,635878,,2011,-0.116884594,0,0,0,0,0,0,0,0,0,0,0,0,0,0,0,0,1,0,0,0,0,0,0,0,0,0,0,2,2.6,0,0,0,0,0,0,0,0,0,0,0,0,1.4,0,0,0,0,0,0,0,0,0,0.2,0,0,0.2,0,0.8,0,0,0,0,0,0,0,0,0,0,0.2,0.2,0,0,0,0,0,0,0,0,0,0,0,0,0,0,0,0,0,0,0,0,0,0,0,0,0,0,0,0,0,0,0,0,0,0,0,0,0,0.2,0,0,0,0,0,0,0,0.2,0,0.2,0,0,0,0,0,0,0,0,0,0,0,0,0,0,0,0,0,0.2,0,0,0,0,0,0,0,0,0,0,0,0,0,0,0,0,0,0,0,0,0,0,0,0,0,0,0,0,0,0,0,0,0,0,0,0,0,0,0,0,0,0,0.4,0,0,0,0,0,0,0,0,0,0,0,0,0,0,0.6,0,0,0,0.2,0,0,0,0,0,0.2,0,0,0,0,0,0,0,0,0,0,0,0,0,0,0,0,0,0,0,0,0,0,0,0,0,0,0,0,0,0,0.4,0,0,0,0,0,0,0.8,0,0,0,0,0
Harasjön,136476,632231,,2011,-0.007015367,0,0,0,2,0,0,0,0,0,0,0.4,0,0.2,0,0,0,52.4,0,0,0,0,0,0,0,0,0,0,0,0,0,0,0,0,0,0,0,0,0,0,0,0,0,0,0,0,0,0,0,4.4,0.2,0,0,0,0,0.4,0,0,0,0,0.6,0,0.8,0,0,0.2,0,0,5.8,0,0,0.6,0,0.2,0,0,0,0,0,0,0,0,0,10.4,0,0,0,0,0,0,0,0,0,0,0,0,0,0,0,0,0,0,0,0,0.8,0,0,1.6,0,0,0,0,0,0,0,0,4.4,0,0.2,0,30.8,0,0,3,0,0,0,0,0,0,0,0,0,0,0,0,0,0,1.2,0,0,0,0,0,0,0,0.2,0,0,0,0,0,0,0,0,0,0,0,0,0,0,0,0,0,0,5.6,0,0,0,0,0,0,55,0,0,0,0.2,0,0,0,0,0.2,0,0,0,0.2,0,0,0,0,0,0,0,0.2,0,0,0,2,0,0,0,0,0,0.8,0,7.8,0,0,0,0,0,0,0,0,0,0,0.6,0,0,0,0,0,0,0,0,0,0,0,0.4,0,0,0,0,0,1,0,0,0,0,0,0,0,0,0,0,0,1.2
Havgårdssjön,134524,615365,,2011,-0.013845027,0,0,0,0,0,0,0,0,0,0,0,0,0,0,0,0,28.4,0,0,43.8,0,0,0,0,0,0.6,0,0,840,0,0,0,0,58.8,0,0,0,0,0,0,0,62.6,0,0,0,0,0,0,0,0,0,0,0,4,0.4,0,0,0,0.6,0.4,0,8.2,0,0,0,0,0,0,0,0,2.2,0,0.2,0,0,0,0,0,0.2,0,23.4,0,2.4,0,0,0,0,1.4,0.8,0,0,0,4,18.6,0,0,0,0,0,0,0,0,0.8,0,0,0,0.4,0,0,0,0,0,0,0,0,0,0,0,0,0,0,0,0,0,0,0,0.4,40.8,0,0,1.4,0,0.2,0,0,0,0,0,0.6,0,0,0,0,0,0,0,0,0,0,0,0,0,0,0,0,0,0,0,0,0,1.8,0,21,0.2,6,0,0,0,4,0,0,0,0,0,0.6,0,0,0,0,0,0,0,0,0,330,0,0,0,0,0,0,0,6,0,0,0,0,0,0,0,0,0,43,0,0,0,0,5.6,0,0,0,0,0,0,0,0,0,0,0,0,0,0,0,0,0,0,0,0,0,0.6,0,0,0,0,0,0,0,5.2,0,0,0,0,5.2,0,0,0
Hinnasjön,144655,630605,,2011,-0.000147714,0,0,0.4,0,0,0,0,0,0,0,0,0,0,0,0,0,41,0,0,0,0.6,0,0,0,0,0,0,4,96.4,0,0,0,0,0,0,0,0,0,0,0,0,6.4,0.4,4.4,0,0,0,0,3.8,0,0.2,0.4,0,0,1.4,0,0.2,0,2.4,0,0,2.2,0,0,1,0,0,9.2,1.2,1.2,0,0,0,0,0,0,0,0,0,0,0,0,0.8,0,0,0,0.6,0,0,0,0,0,0,0,0,0,0,0,0,0,0,0,0,2.2,0,0,4.6,0,0,0,0,0,0,0,0,0.4,0,4,0,56.6,0,0,0,0,0,0,0,0,0,0,0,0,0,0,3.8,0,3.6,4,0,0,0,0,0.4,0,0,0,0,0,0,0,0,0,0,0,0.2,0,0,0,0,0,0,0,0,0,5.2,0,0,0,0,0,0,0,0,0,0,0,0,0,0,0.2,0,0,0,0,25.6,0,0.2,0,0,0,0,0,0,0,0,0,0.6,0,0,0,0,81,0.4,0,0,0,0,0,0,0,0,0,0,0,0,0,0,0,0,0,0,0,0,0,0,0,0,1,0,0.4,0,0,0,6,0,0,0,0,0,0,0,0,0,0,0,0
Hjärtsjön,146675,632515,,2011,0.023398199,0,0,0,0,0,0,0,0.2,0.2,0,0,0,0,0,0,0,24.8,0,0,0,0,0,0,0,0,0,0,0,0,0,0,0,0,0,0,0,0,0,0,0,0,0,0,0,0,0,0,0,3,0,0,0,0,0,0,0,0.8,0,0,0.4,0,78,0,0,0,0,0,0,0,0,0,0,0,0,0,0,0,0,0,0,0,0,0,0,0,0,0,0,0,0,0,0,0,0,0,0,0,0,4.2,0,0,0,0,2.8,0,0,0.6,0,0,0,0,0,0,0,0.6,0,0,0,0,15.4,0,0,0,0,0,0,0,0,0,0,0,0,0,0,0,0,0,0,0,0,0,0,0,0,0,0,0,0,0,0,0,0,0,0,0,0,0,0,0,0,0,0,0,0,7,0,0,0,0,0,0,0,0,0,0,0,0,0,0,0,0.2,0,0,0,0.4,0,0,0,0,0,0,0,0,0,0,0,0,0,0,0,0,94,0,0,0,0,0,0,0,0,0,0,0,0,0,0.6,0,0,0,0,0,0,0.2,0,0,0,0,0,0,0,0,0,0,6.2,0,0,0,0,0,0,0,0,0,0,0,0
Humsjön,142276,650061,,2011,-0.276896858,0,0,0,0,0,0.6,0,0,0.6,0,0,0,0.2,0,0,0,17.6,0,0,0,0,0,0,0,0,0,0,8.4,0,0,0,0,0,0,0,0,0,0,0,0,0,0,0,2,0,0,0,0,14.2,0,0.8,0,15.2,0,0,0,0,0,0,0,0,0.2,0,0,0,0,0,0,0,0,0,0,0.8,0,0,0,0,0,0,0,0,0,3,0,0,0,0,4.2,0,0,1,0,0,0,0,0,0,0,0,0,0,0,2.8,0,0,0,1.6,0,0,0,0,0,0,0,4.8,0,0,0.4,0,16.6,0,0,3.8,0,0,0.8,0,0,0,0,0,0,0,0,0,0,0.4,0,0,0,0,0,0,0,0,0,0,0,0,0,0,0,0,0,0,0,0,0,0,0,0,0,0,0,0.6,0,0,0,0,0,0,0,0,0,0,1.2,0,0,0,0,0,0,0,0,26,0,0,0,0,0,0,0,6.8,2.4,0,0,0,0,0,0,0,0.4,0,0,0,0,0,0,0,0,0,0,0,0,0,0,0,0,0,0,0,0,1,0.2,0,0,0,0,0,0,0,0,0,6.6,0,0,0,0,0,0,0.2,0.4,0,0,0,4
Hällsjön,149602,667151,,2011,0.040482985,0.2,0,0.2,0,0,0,0,0.4,0,0,1.2,0,0.2,0,0,0,32.8,0,0,0,0,0,0,0,0,0,0,1.6,0.4,0,0,0,0,0,0,0,0,0,0,0,0.8,25.2,0.6,0,0,2.4,0,0,3.4,0,0,0.2,0.2,0,3.2,0,0,0,0,0,0,0.6,0,0,0.8,0,0,0,0.4,0.2,0.2,0,0,0,0,0,0,0,0,0.4,0,0,0,0,0,0,0,0,0,0,0,0,0,0,0,0,0,0,0,0,0,0,0,0,0,0,2.4,0,0,0,0.2,0,0,0,0,3.2,0.2,6.4,0,14.4,0,0,2.6,0,0,0,0,0,0,0,7.2,0,0,0.2,0.8,0,0.2,0,0,0,0,0,0,0,0,0,0,0,0,0,0,0,0,0,0,0,0,0,0,0,0,0,0,0,1.6,0,0,0,0,0,0,0,0,0,0,0,0,0,0,0,0,0.4,0,0,6,0,0,0,0,0,0,0,0.8,0,0,0,2.2,0,0,0,0,7.2,5,0,0,0,0,0,0,0,0,5,0,0,0,0.6,0,0,0,0,0,0,0.6,0,0,0,0,0,0,0,0.6,0,0,52.4,0,0,0,0,0,0,0,0,0,0,0,0
Hällvattnet,159090,704955,,2011,-0.055362488,0,0,0,0,0,0,0,0,0,0,0,0,0,0,1.2,0,0.2,0,0.4,0.8,0,0,0,0,0,0,0,10,0,0,0,0,0,0,0.2,0,0,0,0,0,0,11.2,0,0,0,0,0,0,3.4,0,0,0,1.4,0.8,0.2,0,1.8,3.6,0,0,0,1.6,0,0,0,0,0,0.4,1.2,0,0,0,0,0,0,0,0,0,0,0,0,0,0,0,0,0,0,0,0,0,0,0,0,0,0,0,0,0,0,0,0.2,0.2,0,0,0,0,0.2,0,0,0,0.2,0,0,0,0.2,0,0.6,1,0,0,0,0,0,0,0,0,0,0,0,0,0,0,0,0,1.6,0,0,0.8,0,0,0,44.2,0,0,0,0,0,0,0,0,0.2,0,0,0,0,0,0,0,0,0,0,0.2,5.4,0,0.2,0,0,0.2,0,0,0,0,0,0.2,0.8,0,0,0,0,0,0,0,0,0,20,0,0,0,0,0,1,0,6,0,1.2,0,0.2,0,0,7.6,0,0,6.8,0,0,0.6,0,0,0,0,0,0,0,0,0,0,0,0,0,0,0,0,0,0,0,0,0,0,0,0,0,0,0,28.6,0,0,0,0,0,0,0,0,0,0,0,0
Härsvatten,127698,643914,,2011,0.055002942,0,0,2.6,0,0,0,0,0,0,0,0,0,0,0,0,0,0,0,0,0,0,0,0,0,0,0,0,0,0,0,0,0,0,0,0,0,0,0,0,0,0,0,0,0,0,0,0,0,0.2,0,0,0,0,0.4,0,0,0,0,0,0,0,0,0,0,0.8,0,0,0,0,0,0,0,0,0,0,0,0,0,0,0,0,0,0,0,0,0,0,0,0,0,0,0,0,0,0,0,0,0,0.2,0,0,0,0,0,0,0,0,0,0,0,0,0,0,0,0,0,0,1,0,0,0,0,0,0,0,0,0,0,0,0,0,0,0,0,0,0,0,0,0,0,0,0,0.2,0,0,0,0,0,0,0,0,0,0,0,0,0,0,0,0,0,0,0,0,0,0,0,0,0,0,0,0,0,0,0,0,0,0,0,0,0,0.2,0,0,0,0,0,0,0,0,0,0,0,0.4,0,0,0,0.2,0,0,0,0,9,0.4,0,0,0,0,0,0,0,0,0,0,0,0,0,0.2,0,0,0,0,0,0,0,0,0,0,0,0,0,0,0,0,1.8,0,0,0,0,0,0,0,0,0,0,0,0
Hökesjön,149701,639047,,2011,-0.087496603,0,0,0,0,0,0,0,0,0,0,0,1.2,0,0,0,0,19.4,0,0,0,0,0,0,0,0,0,0,8.8,30.4,0,0,0,0,2.4,0,0,0,0,0,0,0,3,0.6,0,0,0,0.2,0,4,0,0,1,0.6,0,0.6,0,0,0,2.6,0,0,8.8,0,0,0,0,0,0,2.8,0.4,0.2,0,0,0,0,0,0,0,0,0,0,0,0,0,0,0,0.4,1.2,0,0,0,0,0,0,0,0,0,0,0,0,0.4,0,0,0,0,0,0.6,0,0,0,0.2,0,0,0,0.4,0,0,2.8,0,15,0,0,0,0,0,0,0,0,0,0,0,0,0.4,0.6,7.4,0,0,8.8,0,0,0,0,0,0,0,0,0,0,0,0,0,0,0,0,0,0,0,0,0,0,0,0,5.2,0,0.4,0,2.4,0,0,0,0,0,0,0,0.4,0,0,0,0,0,0,0,0,0,10,0,0,0,0,0,0.2,2,4.2,0,0,0,17.2,0,0,0,0,0.4,15,0,0,0,0,0,0,0,0,0,0,0,0,1,0,0,0,0,0,0,0,0,0,0,0,0.2,0,18,0,0,0,14.6,0,0,0,0.2,0,0,0,0,0,0,0,0
Jutsajaure,167999,744629,,2011,-0.153385997,0,0,4.6,0,0,0,0,0,0,0,0.6,0,0,0,0,0,0,0,0,0,0,0,0,0,0,0,0,0,0,0,0,0.4,0,2,0,0,0,0,0,0,0,0.6,0,0,0,0,0,0,0,0,0,1.4,1,0,0.2,0,0,0,0.2,0,0,0.2,0,0,0,0,0,0,0,0,0,0,0,0,0,0,0,0,0,0,0,0,0,0,0,0,0,0,0,0,0,0,0,0,0,0,0,0,0,0.4,0,0,0,0,0,0,0.6,0,0,0,0.8,0,0,0,21.2,0,0,26.4,0,32,0,0,0,0,0,0,0,0,0,0,0,0,0,0,0,0,0,0,0,1.8,0.2,0,0,0,0.4,3.2,0,0,0,0,0,0,0,0,0,0,0,0,0,0,0,0,1.4,0,0,0,0,0,0,0,0,0,0,0,3.8,0,0,0,0,0,0,0,0,0,0.2,0.2,0,0,0,0,0,0,0,0,0,0.6,0,0,1.8,0,43.6,0,0,0,0,0.8,0,0,0,0,0,0,0,0,0,0,0,0,0,0,0,0,0,0,0,0,0,0,0,0,0,1.4,0.2,6.6,0,0,0,0,0,0,1,0,0,0,0,0
Krageholmssjön,137087,615375,,2011,-0.048371603,0,0,0,0,0,0,0,0,0,0,0,0,0,0,0,0,150,1,0,7.6,0,0,3,0,0.8,4.2,0,39.2,92.6,0,0,0,0,5.2,0.8,0,0.2,0,0,0,0,27.8,0,0,0,0,0.4,0,0,0,0,0,0.4,0.8,1.6,0,0,0,0.8,0,0,3.6,0,0,1.4,0,0,0,0,0,1,0.2,0,0,0,1.2,0,0,2.4,0,0.8,0,2.8,0.2,0,0,2.6,0,6.2,0,0,1.4,1.6,3.4,0,0,0,0.2,0,0,0,0,0,0,0,0,0,0,0,0,0,0,0,0,0,0,0,0,0,0,0,0,0,0,0,0,1,0,0,0,28.4,0,2.4,0,0,0,0.4,0,0,0,1,0,0,0,0,0,0,0,0,0,0,0,0,0,0,0,0,0.2,0,0,0,0.4,34.4,1.8,0,0,0,0,0.4,0,0,0,0,0,0,0,0,0,0,0,0,0,0,0,180,0,0,0,0,0,0,0,0.4,0,0,0,4.4,0,0,0,0,0,8.4,0,0,0,0,0,0,0,0,0,0,0,0,4.6,0,0,0,0,0,0,0,0,0,0,0,0,0,0,0,0,0,11.4,2.6,0,0,6,0,0,0,0.2,26.8,0,0,0.2
Krankesjön,135339,617797,,2011,-0.059772688,0,0,0,0,0,0.2,0,0,0,0.8,0.2,0,0,0,0,0,2,0,0,0,0,0,0,0,0,1,0,58.2,2.4,0,0,0,0,0.2,0,0,0,0,0,0,0,0.4,0,0,0,0,0,0,0,0,0,0,0,0.4,0,0,0,0,0,0,0,0,0,0,0,0,0,0,0,0,0,0,0,0,0,0,0,0,0,0,0,0,0.4,0,0,0,0,0,0,0.2,0,0,0,0,0,0,0,0,0,0,0,0,0,0,0,0,2.8,0,0,0,0,0,0,0,0,0,0,0,0,0,0,0,0,0,0,0,0,0,0,0,0,0,0,0,0,0.2,0,0,0,0,0,0,0,0,0,0,0,0,0,0.4,0,0,0,0,0,0,0,0,0,0.2,0,0,0,0,0,0,0,0,0,0,0,0,0,0,0.4,0,0,0,0,0,0,0,0,0,30.2,0,0,0,0,0,0,0,0.4,350,0,0,0.4,0,0,0,0,0,0.2,0,0,0,0,0,0,0,0,0,0,0,0,0,0,0,0,0,0,0,0,0,0,0,0,0,0,0,0,0,0,0.6,0,0,0,0,0,0,0,0,0.6,0,0,0
Lilla Öresjön,129243,638665,,2011,0.147016074,0,0,0,0,0,0,0,0,0,0,0,0,0,0,0,0,13.2,0,0,1.2,0,0,0,0,0,0,0,0,0,0,0,0,0,0,0,0,0,0,0,0,0,0,0,0,0,0,0.2,0,0.4,0,0,0,0,0,0,0,0,0,0.2,0,0,0,0,0,0.8,0,0.2,0,0,0,0,0,0,0,0,0,0,0,0,0,0,0,0,0,0,0.2,0,0,0,0,0,0,0,0,0,0,0,0,0,0,0.2,0,0,0,0,0,0.4,0,0,0,0,0,0,0,0.4,0,0,0,0,19.4,0,0,0,0,0,0,0,0,0,0,0,0.2,0,0,0.8,0,0,0,0,0,1.2,0,0,0,0,0,0,0,0,0,0,0,0,0,0,0,0,0,0,0,0,0,0.4,0,0,0,0,0,0.2,0,0,0,0,0,0,0,0,0,0,0,0,0,0,0,1,0,0,0,0,0,0,0,1.4,0,0,0,0,0,0,0,0,7.2,1.2,0,0,0,0,0,0,0,0,0,0,0,0,0.6,0,0,0,0,0,0,0,0,0,0,0,0,0,0,0,0,0,6.8,0,0,0,0,0,0,0,0,0,0,0,0
Lillsjön,155738,655380,,2011,-0.017210031,0,0,0,0,0,0,0,0,0,0.4,0,0,0,0,0,0,33.2,0.2,0,0,0,0,0,0,0,0.2,0,85.2,194.8,0,0,0,0,0.8,0,0,0,0,0,0,0,0,0,0,0,0,0.2,0,8,0,0.4,0,0,0,0,0,0.8,0,0,0,0,46.2,0,0,11.4,0,0,47.6,0,0,3.8,0,0,0,0,0,0,0,0,0,0,0,271.2,0,0,0,4.4,1.2,4.2,0,0,0,0,3.6,0.2,0,0,0,0,0,0,0,0.4,0,0,0,10.8,0,0,0,1.4,0,0,0,7,0,0,2.6,0,0,0,0,0,0,0,0,0,0.2,0,0,2,0,0,0,2,0,8.2,0.4,0,0,0,0,0,0,0,0,0,0,0,0,0,0,0,0,0,0,0,0,0,0,9,0,0,0,19.4,0,0,0,0,0,0,0,0,0,0,0,0,0,0,0,0.2,0,0,3.6,0,0,1.8,0,0,0,0,0,3.4,0,0,0,6,0,0,0,0,0,0,0,0,0,0,0,0,0,0,0,0,0,0,0,0.4,0,0,0,0,0,0.2,0,0,0,0,0,0,0,0,0,0,10.8,0,0,0,0.4,0,0,0,0,0.2,0,0,2
Limmingsjön,142742,660804,,2011,-0.086168797,0,0,0,1.6,0,0,0,0,0,5.6,0,0,0,0,0,0,102.4,0,0,0,0,0,0,0,0,0,0,6,3.6,0,0,0,0,4.4,0,0,0,0,0,0,0,1.8,0,0,0,0,0,0,0.2,0,0.2,0,1,0,2.8,0,1.6,0,1,0,0,3.4,0,0,0.2,0,0,0.2,1.4,0,0.4,0,0,0,0,0,0,0,0,0,0,0,0,0,0,0,0,0,0,0,0,0,0,0.2,0,0,0,0,0.2,0,0,0,0,0,0,0,0.8,0,0,0,0,0,0,0,9.8,0.2,0.6,0.4,0,38.8,0,0,0,0,0,0,0,4.4,0,0,0,0,0,0,0.6,0,0.2,0,0,0,0.4,0,0,0,0.6,0.2,0,0,0,0,0,0,0,0,1,0,0,0,0,0,0.2,0,0,0,1,0,2.4,0,0.2,0,0,5.4,0,0,0.6,0,0,0,0,0,0,0,0,0,1.4,0,0,0,0,0,2.2,0,1.6,0,0,0.6,0,0,0,0,0,18.2,0.4,0,0,0,0,0,0,0,0,0,0,0,0,0,0,0,0,0,0,0,0.4,0,0,0,0,0,0,0,0,0.2,0,13.2,0,0,0,0,0,0,0,0,0,0,0,0
Louvvajaure,160569,736804,,2011,-0.032432356,0,0,5.4,0,0,0,0,0,0,0,0.6,0,0,0,0,0,3.6,0,0,0,0,0,0,0,0,0,0,0.4,0,0,0,0,0.2,0,0,0,0,0,0,0,0,0,0,0,0,0,0,0,10.4,0,0,0,15.6,0,2,0,0,0,0,0,0,0.6,0,0,0,0,0,0,0,0,0,0,0,0,0,0,0,0,0,0,0,0,0,0,0,0,0,0.2,0,0,0,0,0,0.2,0,0,0,0,0,0,0.2,0,0,0,0,0,0,0,0,0,0,0,0,0,1,0,0,0,0,1.4,0,0,0,0,0,0,0,0,0,0,0,0,0,0.2,0,0,0,0,0,0,0,0.4,0,0.2,0,0.2,0,0,0,0,0,0,0,0,0,0,0,0,0,0,0,0,0,0,0,0,0,0,0,0,0,0,0,0,0.2,0,0,0,0,0,0,0,0,0,1.2,2,0,0,1,0,1.8,0,1,0,0,0,0.2,0,0,0,0,13.6,0,0,0,3,0,0,0,0,0,0,0,0,0,0,0,0,0,0,0,0,0,0,0,0,0,0,0,0,0,0,0,9.2,0,0,0,0,0,0,0,0,0,0,0,3
Långsjön,153381,673534,,2011,-0.108373448,0,0,0,0,0,0,0,0.2,0,0,0,0,0.4,0,0,0,0.4,0,0,0,0,0,0,0,0,0,0,0,0,0,0,0,0,0,0,0,0,0,0,0,0.2,2.2,0,0,0,0,0,0,1,0,0.8,0,0.2,0,0,0,0.2,0,0,0,0,0.2,0,0,0,0,0,0,0,0,0.2,0,0,0,0,0,0,0,0,0,0,0,0,0,0,0,0,0,0,0,0,0,0,0,0,0,0,0,0,0,0,0,0,0,0,0,0,0,0,0,0,0,0,0,0,0,0,0,0,2,0,0,0,0,0,0,0,0,0,0,0.4,0,0,0.2,0,0,0,0,0,0,0,0,0,0,0,0,0,0,0,0,0,0,0,0,0,0,0,0,0,0,0,0,0,0,0,0,0.2,0,0,0,0,0,0,0,0,0,0,0.4,0,0,0,0,0,0,0.4,0,0,0,0,0,0,0,1.2,0,0,0,0,0,0,0,0,0.8,0.2,0,0,0,0,0,0,0,0,0,0,0,0,1.8,0,0,0,0,0,0,0.6,0,0,0,0,0,0,0,0,0,0,1.4,0,0,0,0,0,0,0,0,0,0,0,0
Mäsen,149206,665654,,2011,0.082905402,9.4,0,0,0,0,1.2,0,0.2,0,0,0,0,0.8,0,0,0,21.4,0,0,0,0,0,0.2,0,0,2.6,0,61.4,5,0,0,0,0,0,0,0,0,0.4,0,0,0.4,0.6,1.6,10.6,0,0,0,0,9.6,0,1.2,0.2,2.2,0,0,0,0.2,0,0,0.2,0,1.2,0,0,0.2,0,0,1,1.2,1.6,0.4,0,0.2,0,0,0,0,0,0,0,0,0,0,0,0,0,0.6,0,0,0,0,0,0,0,0,0,0,0,0,0,0,0,0,1.6,0,0,1.6,0,0,0,0,0,0,0,0.8,2.4,0,11.6,0,11.8,0,0,0.4,0,0,0,2.8,0,0,0,3.2,0,0,0.8,1.8,0,0,0,0,0,0,0,0.2,0,0,0,0,0,0,0,0,0,0,0,0.2,0,0,0,0,0,0,0,0.6,0,0,0,0,0,0,0,0,0,0,0,0,0,0,0,0,0,0,0,0,0.2,7,0,0.2,0,0,0,0,0,0,0,0,0,2.2,0,0,0,0,15,2.8,0.2,0,0,0,0,0,0.2,0,0,0,0,0,0,0,0,0.2,0,0,0,0.8,0,0,0,0,0.2,0,0,0,0,0,27.6,0,0,0,0.2,0,0,1.4,0,5.6,0,0,0
N. Yngern,159170,656206,,2011,0.078530243,0,0,0,0,0,0,0,0,0,0.2,0,0,0,0,0,0,51.6,0,0,0.6,0,0,0,0,0,0,0,3.4,27.8,0,0,0,0,2.6,0,0,0,0,0,0,0,0,0,0,0,0,0.8,0,30.6,0,0,0,10,0,0,0,0,0,0.4,0.6,0,0.8,0,0,2.2,0,0,0,0.4,0,3.2,0,0,0,0,0,0,0,0,0,0.2,0,0,0,0,0,0,0,0,0,0,0,0,0,0,0,3.8,0,0,0,0,0,0.8,0,0,0,6,0,0,0,11.6,0,0,0,2,0,1.2,0,0,1.2,0,0,0,0,0,0,0,0,0,0,0,0,0,0,0,0,0,0,0,0,0,0,0,0,0,0,0,0,0,0,0,1.8,0,0,1.4,0,0,0,0,0,0,0,53.6,0.4,0.2,0,0.4,0.6,0,0,0,4.8,0,0,0,0,0,0,0,0,0,0,0,0,4.4,0,0,0,0,1.4,1.8,0,2.4,0,0,0.2,0,0,0,0,0,18,7,0,0,0,0,0,0,0,0,0,0,17.8,0,0,0,0,0,0,0,0,0,0,0,0,0,0,0,0,0,0,0,108.4,0.2,0,0,4.6,0,0,0,0.8,0,0,0,0
Njalakjaure,153576,741340,,2011,-0.004174008,0,0,3,0,0,0,0,0,0,0.2,0,0,0,2,0,0,0,0,0,0,0,0,0,0,0,0,0,0,0,0,0,0,3.2,0,0,0,0,0,0,0,0,0,0,0,0,0,0,0,1,0,0,0.6,6.2,0,0,0,0,0,0,0,0,0,0.4,0,0,0,0,0,0,0,0,0,0,0,0,0,0,0,0,0,0,0,0,0,0,0,0,0,0,0,0,0,0,0,0,0,0,0,0,0,2,0,0,0,0,0,1,0,0,0,0,0,0,0,0,0,0,0,0,0,0,0,0,0,0,0,0,0,0,0,0,0,0,0,0,0,0,0,0,0,0,0,0,0,0,0.8,0,0,0,0,0,0,0,0,0,0,0,0,0,0,0,0,0,0,0,0,0,0,0,0,0,0,0,0,10,0,0,0,0,0,0,0,0,0,0,0,0,0,0,0,8.8,0,0,0,0,0,0,0,0,0,0,10,0,0,0,0,0,0,0,0,0,0,0,0,0,0,0,0,0,0,0,0,0,0,0,0,0,0,0,0,0,0,0,26.2,0,0,0,0,0,0,0,0,0,0,0,0
Pahajärvi,183168,742829,,2011,-0.120377153,0,0,0.6,0,0,0,0,0,0,0,2.6,0,0,0,0,0,90.4,0,0,0,0,0,0,0,0,0,0,0,0,0,0,0,0,0.2,0,0,0,0,0,0,0,0,0,0,0,0,0,0,3,0,0,1.8,11.2,0,0,0,0,0,0,0,0,0,0,0,0,0,0,2,0,0,0.4,0,0,0.8,0,0,0,0,0,0,0,0,1.8,0,0,0,0,0,0,0,0,0,0,0.6,0,0,0,0,0,0,0,0,0,0.6,0,0,0,0,0,0,0,0,0,0,9.2,0,0,1,0,16.2,0,0,7.6,0,0,0,0,0,0,0,0,0,0,0,0,0,0.2,0,0,0,0,0,0,0,0,5.6,0,0,0,0,0,0,0,0,0,0,0,0,0,0,0,0,0.2,0,0,0,0,0,0,0,0,0,0,0,4.8,0,0,0,0,0.4,0,0,0,0,8.2,0,0,0,0,0,1.6,0,0.2,0,0,0,0,0,0,0,0,7.2,0,0,0,0,0,0,0,0,0,0,0,0,0,0,0,0,0,0,0,0,0,0,0,0,0,0,0,0.8,0,0,0,5.4,0,0,0,0.2,0,0,0,0.8,0,0,0,0
Rammsjön,135470,629570,,2011,0.019851037,4.4,2.4,0,0,0,0,0,0,0,0,0,0,0,0,0,0,28.2,0,0,0,0,0,0,0,0,0,0,0,0,0,0,0,0,0,0,0,0,0,0,0,0,0.2,0,0,0,0,0,0,0,0,0.2,0,0,1.4,1,0,0,0,0,0,0,0,0,0,6.6,0,0,2,0,0,0,0,0.2,0,0,0,0,0,0,0,0,0,0.6,0,0,0,0,0,0,0,0,0,0,0,0,0,0,0,0,0,0,0,0,0,0,0,1,0,0,0,0,0,0.4,0,0,0,0,0.2,0,106.8,0,0,0,0,0,0,0,0,0,0,2.2,2.6,0.4,0.4,0,0,0.4,0,0,0.2,0,0,0,0.4,0,0.6,0,0,0,0,0,0,0.2,0,0,0,0,0,0,0,0,0,0,0,0,0,0,0,0.4,0,0,0,0,0,0,0,0,0,0,0,0,0,0,0,0.4,0,0,0,0,0,0,0,0.6,0,0,0,0.2,0,0,0,0,0,0,0,0,0,0,0,0,0,0,0,0,0,0,0.8,0,0,0,0,0,0,0,0,0,0,0,0.2,0,0,0,0,0,53.6,0,0,0,0,0,0,0.2,0,0,0,0,0
Remmarsjön,162132,708619,,2011,0.049097745,0,0,1.6,0,0,0,0,0.2,0,0,0,0,0,0,0,0,0,0,0,0,0,0,0,0,0,0,0,22.8,0,0,0,0,0,0,0,0,0,0,0,0,0,0.6,0,1.4,0,0,0,0,7.2,0,0,0,7.2,0.6,1.4,0,0,0,1,0.8,0,0.6,0,0,0,0,0,0,23.8,2.8,0,0,0,0,0,0,0,0,0,0,0,0,0,0,0,0,0,0,0,0,0,0,0,0,0,0,0,0,0,1,0,0,0,0,0,0,0,0,0,0,0,0,0,0,4.6,0.6,0,7.6,0,99,0,0,0,0,0,0,0,0.6,0,0,0,0,0,0,0.8,0,0,0,0,0,0,0,0,0,0,0,0,0,0,0,0,0,0,0,0.2,0,0,0,0,0,0,0,8,0.4,2,0,0.4,0,0,0,0,0,0,0,13.4,10.2,0,0,0,0,0,0,0,0,1.6,0,0,0,0,0,0,0,0.4,0,0,0.6,0.8,0,0,0,0,99,0.4,0,0,0,0,0,0,0,0.4,0,0,0,0,0,0,0.6,0,0,0,0,0,0,0,0,0,0,0,0,0,0,0,14,0,0,0,0,0,0,0,1,0,0,0,0
Rotehogstjärnen,125783,652902,,2011,0.171615272,36.4,0,30,0,0,0,0,0.2,0,0,2.8,0,1,0,0,1.2,42,0,0,0,0,0,0,0,0,0,0,0,0,0,0,0,0,0,0,0,0,0,0,28,0,24.4,0,7.6,0,0,2.6,0,6.4,0,2.6,0,23.6,0,0,0,0,0,0,0,0,1.6,0,0,3.6,0,0,74.4,0,0,0,0,0.4,0,0,0,0,0,0,0,0,0,42.4,0,0,0,0,0,0,0,7.6,0,0,0,0,0,0,0,0,0,0,0,0,37.8,0,0,1.8,0,0,0,0,0,0,0,4.8,5.6,0,0.4,0,225.4,0,0,0,0,0,0,0,0,0,0,4.8,0,0.2,0.2,0.4,0,0,0,0,0,0,0,1.2,0,0.2,0,0,0,0,0,0,0,0,0,0,72,0,0,0,0,0,0,0,0,4.8,0,0,0,0,0,0,0,0,0,0,0,0,0,0,0,0,0,0,0,0,0,0,0,0,0,0,0.2,0,0,0,0,8.8,0,0,0,0,48.4,0.8,0,0,0,0,0,0,0,0,0,0,0,0,2.6,0,0,0,0,0,0,0,0,0,0,0,8.4,0,0,0,0,0,10,0,0,0,0,0,0,0,0,0,0.2,0,0
Rundbosjön,159038,652177,,2011,0.011020612,0,0,0,0,0,0.4,0,0,0,1.4,0,0,0,0,0,0,131.6,1.6,0,0.6,0.4,0,0,0,0,1.2,0,28.6,51.6,0,0,0,0,0,0,0.6,0,0,0,0,0,0.6,0,0,0,1.8,0.4,0,14,0,0.2,0,3,0.4,0,0,3.2,0,0,1,0,98.8,0,0,5.8,0,0,3,1,0,3.2,0,0.2,0,0,0,0,0,0.2,0,0.8,0,125.2,0.2,0,0,0,0.2,0,0,3.2,0.2,0,0,0,0,0,0,0,0,0,0,0,0,0,0,9.4,0,101.4,100,0,0,0,0,1.4,0,0,3,0,2.8,0,0,4.4,0,0,1.2,0,0.2,0,0,4,0,0.2,0,0.2,0,1.6,0,0,0,0,0,0.2,0,0,0,0,171.6,0,0,0,0,0,0,0.8,0,0,0,0,0,0,0,3.6,0,1.6,0,0,0,4.6,0,0,0,0,0,23.4,0,0,0,0,0,0,0,0.2,0,20.6,0.2,0.4,0,0,0,1.4,0,0.6,0,0,0,1.2,0,0,0,0,2,1,0,0,0,0,0,0,0,0,0,0,0,0,0,3,0,0,0,1,0.4,0,0,0,0,0,0,0,0.6,0,0,0,14.8,0,0,0,2.2,0,0,0,0,0,0,0,0
Sangen,145214,686849,,2011,0.183063394,0,0,20.2,0,0,0,0,0,0,0,0,0,0,0,0,0,0,0.2,0,1.4,0,0,0,0,0,0,0,16.4,0,0,0.4,0,0,0,0,0,0,0,0,0,1,9.8,0,0,0,0,0,0,34.6,0,0,0,13.2,0,3,0,0.4,0,3.6,0,0,13.2,0,0,0,0,0,0,4,1,0,0,0,0,0,0,0,0,0,0,0.4,0,0,0,0,0,0,0.2,0,0,0,0,0,0,0,0,0,0,0,0,1.2,0,0,0,0,0,0.2,0,0,0,2,0,0,0,2.2,0,0,7.8,0,73.4,0,0,0,0,0,0,0,0,0,0,0.6,0,0,0,0.4,0,0,0,0,0,0,0,0,0,0,0,0,0,0,0,0,0,0.2,2.8,0,0,0,0,0,0,0,0,0,0,0,0,2,0,0,0,0,42.2,0,0,3.6,0,0,0,0,0.2,0,0,0,0,2.8,0,0,0,0,0,0,0,1.8,0,0,0,0,0,0,0,0,50.2,0,0,0,0,1.2,0,0,0,0,0,0,0,0,0,0,0,0,0,0,0,0,0,0,0,0,0,0,6.2,0,0,0,60.4,0,0,0,0,0,0,0,0,0,0,0,0
Siggeforasjön,157559,665175,,2011,-0.120512972,0,0,0,0,0,0,0,0,0,0.6,0,0,0,0,0,0.2,24,0,0,0.2,0,0,0,0,0,0,0,4,70,0,0,0,0,3,0,0,0,0,0,0,0,0.2,0,0,0,0,0,0,1,0,0,0,0,0,0.6,0,0,0,0,0.2,0,0,0,0,0.4,0,0,0,0,0,0,0,0.2,0,0,0,0,0,0,0,0,0,0,0,0,0,0,0,0,0,0,0,0,0,0,0,0,0,0.2,0,0,0,0,0,0,0,1.6,0,0,0,0,0,0,0,0.4,0.8,0.4,0,0,6.2,0,0,0,0,0,0.2,0.2,2.6,0,0,0,0,0,0,7,0,0,0.2,0,0,0,0,0,0,0,0,0,0,0,0,0,0,0,0,0.2,0,0,0,0,0,0,0,5.2,0,2.8,0,0.6,0,0.2,0,0,0,0,0,0,0,0,0,0,0,0,0,0,0,0.4,0,0,0,0,0,0,0,0.2,0,0,0,0,0,0,0,0,0,0,0,0,0,0,0,0.2,0,0,0,0,0,0,0,0,0,0,0,0,0,0,0,0,0,0,0.4,0,0,0,0,0,2,0,0,0,0.6,0,0,0,0,0,0,0,0
Skärgölen,152481,651573,,2011,-0.16179831,0,0,5.8,0,0,0,0,0,0,0,2.4,0,0,0,0,0,61.6,0,0,0,0,0,0,0,0,0,0.4,51.4,33.4,0,0,0,0,0,0,0,0,0,0,0,0,36.8,0,0,0,3.4,0,0,8.6,0,0,7.4,23.8,0,4.4,0,0,0,0,0,0,11.8,0,0,6.8,0,0,4.6,0,0,1.6,0,0.2,0,0,0,0,0,0,0,3.8,0,2,0,0,0,0,7,0,0,0,0,0,1,0.2,0,0,0,0,2,0,0,1.8,0,0,0,0.4,0,0,0,0.2,0.2,0,0,1.4,2.6,0,0,0,63.6,0,0,0,0,0.2,0,0.6,18.4,0,0,3.6,0,0.8,0,7.4,0,0.6,1,0,0,0,0,0.4,0,0,0,0,0,0,0,0,0,0,0,1,0,0,0,0,0,0,0,3,0,0,0,0,0,0.6,0,0,0,0,0,0,0,0,0,0,0.6,0,0,0,0,0,0,0,0,0,0,0,0,5.6,0,0,0,0,0,0,0,0,13.2,2,0,0,0,0,0,0,0,0,0,0,0,0,0,0.8,0,0,0,0,0,0,0,0,0,0,0,0,0,0,0,0,24.4,0,0,0.6,8,0,0,4.8,3.2,0,0,0,4.6
Skärsjön,130068,633344,,2011,0.01926413,0,0,0,0,0,0,0,0,0,0,0,0,0,0,0,0,7.2,0,0,0.6,0,0,0,0,0,0,0,24.2,16.8,0,0,0,0,0.6,0,0,0,0,0,0,0,0.2,0.2,0.4,0,0,0,0,0,0,0,0,0.8,0,0.2,0,0,0,0,0.2,0,0,0,0,0.2,0,0,0,0,0,0.2,0,0,0,0,0,0,0,0,0,0,0,0.2,0,0,0,0,1,0,0,0.6,0,0.2,0,0,0,0,0,0,0,0,0,0.4,0,0,0,6.6,0.2,0,0,5.6,0,0,0,8.8,0,10.8,0.4,0,1.2,0,0,0,2,0,0,0,41.4,0,0,0,0,0,0,0.6,0,0,0,0.2,0,0.8,0,0,0.8,0,0.4,0,0,0,0,0,0,0,0,0,0,0,0,0,0,0,3.4,19,0.4,4,0,0,0,0.2,0,0,0,0,0,4.4,0,0,0,0,0,0,0,0,0,6.6,0,0,0,0,0.2,4,0,0,0,0,0.2,0,0,0,0,0,1.6,0,0,0,0,0.6,0,0,0,0,0,0,0.2,0,0.4,0,0,0,0,0,0,0,0,0,0,7.2,0,0,0,0,0,0,5.4,0,0,0,1.6,0,0,0,0.6,0,0,0,0
Spjutsjön,148031,672467,,2011,-0.028399308,0,0,2,0,0,0,0,0,0,0,0.4,0,0,0,0,0,25,1.4,0,0,0,0,0,0,0,0,0,62.4,29,0,0,0,0,0,0,0,0,0,0,0,0,8.8,0,0.2,0,0,0,0,1.8,0,0,0.6,3,0,0.8,0,0.4,0,0,0.6,0,0.4,0,0,0,0,0,0.4,2.4,0.4,0.4,0,0,0,0,0,0,0,0,0,0,0,0,0,0,0,0.8,7.4,0,0,0,0,0,0.6,0,0,0,0,0.8,0,1,0,0,0,0,0,0.2,0,0,0,0.2,0,0.2,0,2,0,0,4,0,12.4,0,0,0,0,0,0,0,0,0,0,0,0,0.4,0,9.8,0,0,0.6,0,0.2,0,0,0,0,0,0,0,0,0,0,0,0,0,0.2,0,0,0,0,0,0,0,0,0,0,0,0,6.4,0,0,0,0,4.8,0,0,0.4,0,0,0,0,0,0,0,0,0,18,0,0,0,0,0,0,0,0.6,0,0,0,6.6,0,0,0,0,7.2,0,0,0,0,0,0,0,0,0,0,0,0,0,0,0,0,0,0,0.2,0,0,0,0,0,0,0,0,0,0,0,0,12.2,0,0,0,1.8,0,0,0,0,0,0,0,0
St Skärsjön,133205,628606,,2011,0.015666979,5.2,0,0,0,0,0,0.2,0,0,0,0.2,0,0,0,0,0.2,18.4,0,0,0,0,0,0,0,0,0,0,28.6,0,0,0,0,0,0,0,0.2,0,0,0,0,0,1.2,0,6.6,0,0,0,0,0,0,0,0,0.2,0,0.6,0,0,0,0,1,0,1.6,0,0,4.6,0,0,2.4,0,0,0.2,0,0,0,0,0,0,0,0,0,0.2,0,0.8,0,0,0,0,0,0,0,0,0.2,0.2,0,0,0,0,0,0,0,0,0,0,0.4,0,0,7.4,0,0,0,0,0,0,0,2,2.4,1,0,0,5.6,0,0,0,0,0,0,0,7.4,0,0,0,0,0,0,1.2,0,0.4,0.2,0,0,0,0,0,0,0,0,0,0,0,0,0,0,0,0,0.2,0,0,0,0,0,0.4,0,4.8,0,0.4,0,0.4,0,0.6,0,0,0,0,0,2.2,0,0,0,0,0,0,0,0,0,0,0,0.2,0,0,0,0,0,0,0,0,0,0,0,0,0,0,10.2,0.4,0,0,0,0,0,0,0,0,0,0,0,0,0.4,0,0,0,0,0,0,0,0,0,0,0,0.8,0,0,0,0,0,17.6,0,0,0,0.4,0,0,0,0,0,0,0,0
St. Lummersjön,139986,644463,,2011,-0.026947402,2.4,0,1.2,0,0,0,0,0,0,0,1.2,0,0,0,0,0,8.4,0,0,0,0,0,0,0,0,0,0,0,0,0,0,0.2,0,0,0,0,0,0,0,0,0,0.6,0,6.2,0,0,0,0,0.6,0,0,0.6,1.6,0,0,0,0,0,0,0.6,0,0,0,0,0,0,0,1,0,0,0,0,0.6,0,0,0,0,0.2,0,0,0.2,0,0.4,0,0,0,0,0.6,0,0,0,0,0,0,0,0,0,0,0,0,0,0,0,0.8,0,0,0,0,0,0,0,0,0,0,0,0,0,0,0,41.6,0,0,0,0,0,0,0,0,0,0,0,0,0,0,0,0,0,0,0,0,0,0,0,0,0,0,0,0,0,0,0,0,0,0,0,0,0,0,0,0,0,0,0,0,0.2,0,0,0,0,0,0,0,0,0,0,0,0,0,0,0,0,0,0,0,72.8,0,0,0,0,0,0,0,0,0,0,0,0,0,0,0,0,2,0,0,0,0,0,0,0,0,0,0,0,0,0,0,0,0,0,0.2,0,0,0.4,0,0,0,0,0.8,0,0,0,0,0,3,0,0,0,0,0,0.2,0.2,0,0,0,0,0
Stensjön,154083,683673,,2011,-0.060853936,0,0,2.4,0,0,0,0,0,0,0,0,0,0,0,0,0,121,0,0,0,0,0,0,0,0,0,0,24.8,0,0,0,0,0,0,0,0,0,0,0,0,0,0,0,1.6,0,0,0,0,29.8,0,0,0,0,0,0,0,0,0,1.8,0,0,1.2,0,0,0,0,0,0,10.6,0.6,1,0,0.2,0,0,0,0,0,0,0,0.4,0,0,0.2,0,0,2.6,1.4,0,0,0,0,0,0,0,0,0,0,2.2,0,0,0,0,1.8,0,0,6.8,0,0,0,41.6,0,0,0,18.2,1.2,1,3.6,0,54.6,0,0,0,0,0,0,0,0.8,0,0,0,0,0,1.8,8,0,0,0,0,0,1,0,0,0,0,1.2,0,0,0,0,0,0,0,0.8,1,0,0,0,0,0,0,0,0.2,0,0,0,0.8,0,0,0,0,0,0,0,0,0,0,0,0,0,0,0,0,0,64.6,0,0,0,0,0,1.2,0,6,0,0,3.6,0,0,0,0,0,59.8,0,0,0,0,1,0,0,0,0,0,0,0,0,0.6,0,0,0,0,0,0,1.4,0,1.2,0,0,0,0,0,0,0,0,67.6,0,0,0,1,0,0,0,0.2,0,0,0,2.8
Stor-Arasjön,158596,716717,,2011,0.148799562,0,0,0,0,0,0,0,0,0,0,16,0,0,120.3,0,0,0,0,0,8,0,0,0,0,0,0,0,8,0,8,0,0,2638.6,0,0,0,0,0,0,0,0,0,0,0,0,0,0,0,320.8,0,0,8,16,8,0,0,0,0,8,0,8,0,0,0,0,0,0,0,0,0,0,0,0,0,0,0,0,0,0,0,0,0,0,0,0,0,0,8,0,0,0,0,0,0,0,0,0,0,0,16,8,0,0,0,0,0,16,0,0,0,561.4,0,0,0,24.1,0,0,112.3,0,8,0,0,0,0,0,0,0,0,0,0,0,0,0,0,0,0,0,0,0,0,0,0,0,0,0,168.4,0,0,0,0,0,0,0,0,0,0,0,0,0,0,0,0,449.1,0,0,0,0,0,0,0,0,0,0,0,72.2,0,0,0,0,0,0,0,0,0,32.1,8,0,0,0,0,16,0,24.1,0,8,0,0,0,0,0,0,200.5,0,0,0,16,8,0,0,0,0,0,0,0,0,0,0,0,0,0,0,0,0,0,8,0,0,0,0,0,0,0,0,296.7,0,0,0,0,0,0,0,0,0,0,0,0
Stor-Backsjön,143383,695220,,2011,0.205364298,0,0,0,0.6,0,0,0,0,0,0,0,0,0,0,0,0,0,0,0,2.6,0,0,0,0,0,0,0,9.6,0,0,0,0,0,0,0,0,0,0,0,0,0,55.2,0,0,0,0,0,0,8.2,0,0,0.6,3.6,2.4,0,0,0,0,3.8,0,0.2,0,0,0,0,0,0,0,2,0,0,0,0,0,0,0.2,0,0,0,0,0.2,0,0,0,0,0,0,0,0,0,0,0,0,0,0,0,0,0,0.6,0,13,0,0,0,0,0.2,7,0,0,0,0,0,0,0,4.2,0,0,3,0,28.4,0,0,0,0,0,0,0,0,0,0,0,0,0.2,0,0,0,0,0,0,0,0,0,0,0,1.8,0,0,0,0,0,0,0,0,2.2,0,0,0,0,0,0,0,0,0,0,0.2,0,4.8,0,0,0,0,0,0,0,0,0,0,0,0,0,0,0,0,0,173,0,0,0,0,0,0,0,1.6,0,0,0,0,0,0,0,0,125,0,0,0,0,0.2,0,0,0,0,0,0,0,0,0,0,0,0,0,0,0,0,0,0,0,0,0,0.4,0,0,0,0,3,0,0,0,0,0,0,0,0,0,0,0,0
Stor-Björsjön,132287,706083,,2011,-0.030458905,0,0,0.4,0,0,0,0,0,0,0,0,0,0,0,0,0,0,0,0,0.2,0,0.2,0,0,0,0,0,2.6,0.2,0,0,0,0,0.2,0,0,0,0,0,0,0,23.8,0,0,0,0,0,0,0.4,0,0,9.4,0,0.4,0,0,0,0,0,0,0.4,0,0,0,0,0,0,0,0,0,0,0,0,0,0,0.2,0,0,0,0,0,0,0,0,0,0,0,0,0,0,0,0,0,0,0,0.4,0,0,0,0,0,0,0,0,0,0,0.2,0,0,0,0,0,0,0,0.4,0,0,0.6,0,0,0,0,0,0,0,0,0,0,0,0,0,0,0,0,0,0,0,0,0,0,0,7,0,0,4.6,0,0,0,0,0,0,0,0,0,0,0,0,0,0,0,0,0,0,0,0.4,0,0,0,0,0,0,12.2,0,0,0.2,0,0,0,0,0,0,0,0,0,11.6,0,0,0,0,0,0,0,0.4,0,0,0,2.2,0,0,0,0,38.8,4.6,0.2,0,46.4,0,0,0,0,0,0,0,0,0,0,0,0,0,0,0,0,0,0,0,0,0,0,0.2,0,0,0,0,50.4,0,0,0,0,0,0,0,0,0,0,0,0
Stor-Tjulträsket,151196,731799,,2011,0.028607544,0,0,0,0,0,0,0,0,0,0.2,0,0,0,11.4,0.6,0,0,0,0,0,0,0,0,0,0,0,0,0,0,0,0,0,10.4,0.8,0,0,0,0,0,0,0,0,0,0,0,0,0,0,8.2,0,0,0,0,0,0,0,0,0,0,0,0,0,0,0,0,0,0,0,0,0,0,0,0,0,1.6,0,0,0,0,0,0,0,0,0,0,0,0,0,0,0,0,0,0,0,0,0.4,0,0,0,0.2,0,0,0,0,0,0,0.2,0,0,0,0,0,0,0,0,0,0,0.4,0,0,0,0,0,0,0,0,0,0,0,0,0,0,0,0,0,0,0,0,0,0,0,0,0,0,0,0.4,0,0,0,0,0,0,0,0,0,0,0,0,0,0,0,0,0,0,0,0,0,0,0,0,0,0,0,0,0,0,0,0,0,0,0,0,0,0,0,0,0,0,0,0,3.2,0,0,0,0,0.6,0,0.2,0,0,0,0,0,0,0,0.4,2.2,0,0,0,0,0,0,0,0,0,0,0,0,0,0,0,0,0,0.8,0,0,0,2.2,0,0,0,0,2.6,0,0,1.8,0,0,0,0,0,0,0,0,0
Stora Envättern,158869,655587,,2011,0.177545473,0,2.8,0,0,0,0,0,0.2,0,0,0.2,0,0,0,0,0.4,67.8,0,0,0,0,0,0.2,0,0,0,0,1,1.6,0,0,0,0,0,0,0,0,0,0,0,0,1,0,0.4,0,0,0,0,8.8,0,0.8,0.8,3,0,1.2,0,0.6,0,0,0.8,0,3.8,0,0,1.4,0,0,0,0,0,0.2,0,0.4,0,0,0.6,0,0,0,0,0,0,1,0,0,0,0,0,0,0,0,0,0,0,0,0,0,0,0,0,0,0,0.6,0,0,0,1.2,0,0,0,3.2,0,0,0,0.2,6,2.4,0,0,2,0,0,0,0,0,0,0.6,0,0,0,11.6,0,0,0,1.2,0,0,0.4,0,0,0,0,0,0,0,0,0,0,0,0,0,0,0,0,0,0,0,0,0,0,0,0,0.6,0,1.4,0,1.2,0,0,0,0,0,0,0,0,0,0,0,0,0,0,0,0,0,2,0,0,0,0,0,0,1,1.2,0,0,0,0.4,0,0,0,0,6.8,2.2,0,0,0,0,0,0,0,0,0,0,0,0,0,1.6,0,0,0,0,0,0.2,0,0,0,0,0,0,0,0,0,0,12.8,0,0,0,1.2,0,0,0,0,0,0,0,6.4
Storasjö,146750,631360,,2011,0.023508385,0,0,0,0,0,0,0,0,0,0,0.2,0,0,0,0,0,48,0,0,0,0,0,0,0,0,0,0,0,0,0,0,0,0,0,0,0.4,0,0,0,0,0,4.8,0,0,0,0,0,0,30.8,0,0.2,0,0,0,2.4,0,0,0,0,0.4,0,37.4,0,0,0,0,0,44.8,0,0,0,0,0,0,0,0,0,0,0,0,0,0,6.2,0,0,0,0,0,0,0,0,0,0,0,0,0,0,0,0,0,0,0,0,0,0,0,1.2,0,0,0,0,0,0,0,0.6,1.2,0,0.4,0,63.2,0,0,0.2,0,0,0,0,10.6,0,0,4.6,0,0.2,0.4,0,0,21,0,0,0,0,0,0,0,0,0,0,0,0,0,0,0,0,0,0,0,0,0,0,0,0,0,0,0,6.2,0,0,0,0,0,0,0,0,0,0,0,0,0,0,0.6,0,0,0,0,0,0,0,0,0,0,0,0,34.6,0,0,0,8.2,0,0,0,0,21.2,0,0,0,0,0,0,0,0,0,0,0,0,0,1.8,0,0,0,0,0,0,0,0,0,0,0,0,0,0,0,0,0,5.8,0,0,0,0.2,0,0,0.8,0,0,0,0,0
Svinarydsjön,144609,622803,,2011,0.019233819,0,5.6,0,7.4,0,0,0,0,0,0,0.4,0,0,0,0,0,73.8,0.4,0,0,0,0,0,0,0,0,0,0,0.4,0,0,0,0,0,0,0,0,0,0,0,0.6,48.6,0,3,0,0,0,0,0,0,0,1.2,0,0,1.2,0,0,0,0.6,0,0,5.6,0,0,2.2,0,0,0.6,0,0,0,0,0.2,0,0,0,0,0,0,0,0,0,0,0,0,0,0,0,0,0,0,0,0,0,0,0,0,0,0,0,0,0,0,0,0,0,0.2,0,0,0,0,0,0,0,0,0.6,0,0,0,19.2,0,0,0,0,0,0,0,0,0,0,1.2,0,0.4,0,6.8,0,1,1.2,0,0,0,0,0,0,0,0,0,0,0,0,0,0,0,0,0,0,0,0,0,0,0,0,0,0,19.4,0,0,0,0,0,0,4.2,0,0,0,0,0,0,0,0,0.2,0,0,0,1.2,0,0,0,0,0,0,0,1,0,0,0,3,0,0,0,0,2.8,41.6,0,0,0,0,0,0,0,0,0,0,0,0,1,0,0,0,0,0,0,0,0,0,0,0,0.6,0,0,0,0,0,10.6,0,0,0,0,0,0,0,0,0,0,0,0
Sännen,147234,624421,,2011,-0.087175994,0,0,0,0,0,0,0,0,0,0,0.2,0,0,0,0,0,32.6,0.4,0,0.6,2.2,0,0,0,0,0,0,0,33.2,0,0,0,0,4.2,0,0,0,0,0,0,0,0,0,0,0,0,0,0,0.8,0,0.2,0.8,0.2,0,0,0,0.2,0,1.2,0.2,0,0,0,0,0,0,0,0.4,0.8,0,0.6,0,0.2,0,0,0,0,0,0,0,0,0,0.8,0,0,0,0,0,0,0,0,0,0,0.2,0,0,0,0,0,0,0,0,0,0,0,0,3,0,0,0,5,0,0,0,5,3.2,0.4,0.2,0,7,0,0,0,0,0,0,0,0,0,0,0,0,0,0,4,0,0,0,0,0,0.2,0,0,1.8,4.6,0,0,0,0,0,0,0,0,0,0.8,0,0,0,0,0,0,0,94,1.2,3.2,0,0,0,0,0,0,0,0,0,0,0,0,0.2,0,0.2,0,0,0,0,0.4,0,0.2,0,0,0,0,0,0.2,0,0,0,0,0,0,0,0,7.4,0,0,0,0,0,0,0,0,0,0,0,0,0,0,0,0,0,0,0,0,0,0,0,0,0,0,0,0,0,0,0,22.8,0,0,0,0,0,0,0,0,0,0,0,0
Tomeshultagölen,147562,629026,,2011,0.041804028,0,0,29.6,0,0,0,0,0,0,0,0.6,0,1,0,0,0.2,30.2,0,0,0,0,0,0,0,0,0,0,0,0,0,0,0,0,0,0,0.2,0,4.2,0,0,0,0,0,0,0,0,1,0,0,0,2.8,1.4,0,0,0,0,0,0,0,0.8,0,0,0,0,0,0,0,0,0,0,0.6,0,1.6,0,0,0,0,0,0,0,0,0,11,0,0,0,0,0,0,0,0,0,0,0,0,0,0,0,0,0,0,0,0,42.4,0.4,0,1.4,0,0,0,0,0,0,0,0,0.6,0,0,0,51.8,0,0,0,0,0,0,0,0,0,0,0,0,0,0,0,0,0,0,0,0,0,0,0,0,0,0,0,0,0,0,0,0,0,0,0,0,0,0,0,0,0,0,0,0,0,0,0,0,0.4,0,0,0,0,0,0,0,0,0,0,0,0,0,0,0,0,0,0,0,0,0,0,0,0,0,0,0,14.4,0,0,0,0,0.4,0,0,0,0,0,0,0,0,0,0,0,0,0,0,0,0,0,0,0,0,2.2,0,0,0,0,1.2,0,0,0,0,0,1,0,0,0,0,0,0.4,0,0,0,0,0,0
Tväringen,149315,690345,,2011,0.055766709,0,0,2.2,0,0,0,0,0.4,0,0,1,0,0,0,0,0,55.6,0,0,0,0,0,1.8,0.2,0,0,0.6,37.8,0,0,0,0,0,0,0,0,0,0,0,0,0,0.8,0,0,0,0,0,0,33.6,0,0,0,5,0,0.8,0,2,0,0.8,0,0,2.8,0,0,0,0,0,0,4,0.8,0.4,0,0,0,0,0,0,0,0,0,0,0,0,0,0,0,0,2.6,0,0,0,0,0,0,0,0,0,0,0.6,0,0.6,0,0,0,0,0,2.2,0,0,0,0.4,0.2,0,0,7.4,5.8,0.4,1,0,49,0,2.6,0,0,0,0,0,0,0,0,0,0,0,0.4,0.6,0,0,0,0,0,0,0,0,0,0,0,0,0,0,0,0,0,0,0.2,0.4,0,0,0,0,0,0,0,3.4,0,0.4,0,0.8,0,0,0,0,0,0,0,5.2,0,0,0,0,0,0,0,0,0,18,0,0,0,0,0,0.4,0,3,0,0,0,0,0,0,0,0,37.4,0,0,0,0,0,0,0,0,0,0,0,0,0,0,0,0,0,0,0,0,1.4,0,0,0,0,0,0,0,0,0,0,38.2,0,0,0,0.2,0,0,0.2,0.4,0,0,0,10.8
Tångerdasjön,145525,637120,,2011,0.016449702,13.2,0,0,0,0,0.2,0,0,0,0,0.2,0,0,0,0,0,4.6,0,0,0.2,0,0,0,0,0,0,0,26.2,1.8,0,0,0,0,0,0,0,0,0,0,0,0,0.4,0.6,22.6,0,0,0,0,2.2,0,0.4,0,0.4,0,3.4,0,0,0,0,0,0,4.6,0,0,0,0,0,3,0,0,0,0,0,0,0,0,0,0,0,0,0,0,1,0,0,0,0.4,0,1.2,0,0,0,0,1.8,0,0,0,0,0,0,0,0,0,0,0,0,0,0,0,0,0,0,0,0,0,0,0,0.6,0,0,0,0,0.2,0,0,0,0,0,0,0,10.4,0,0,0,0,0,0,0.4,0,0,0,0,0,0,0,0,0,0,0,0,0,0,0,0,0,0,0,0,0,0,0,0,0,0,0,0,0,0,0,0,0,0,0,0,0,0,0,0,0,0,0,0,0,0,5,0,0,0,0,0,0,0,0.2,0,0,0,7,0,0,0,0,0,37,0,0,0,0,0,0,0,0,0,0,0,0.4,0,0,0,0,0,0,0,0,0,0,0,0,0,0,0.2,0,0,0,2.4,0,0,0,0,0,0,2.4,0,0,0,0,0
Täftesträsket,171748,711365,,2011,0.239696425,0,0,20.4,0,0,0,0,0,0,0,0.6,0,0,0,0,0,141.2,5.8,0,0,0.6,0,0,0,0,0,0,15.4,0,0,0,0,0,0,0.2,0,0,0,0,0,0,6.6,0,0,0,0,0,0,30,0,0,0.2,9.6,0,0,0,0,0,0,3.4,0,20.6,0,0,0,0,0,0,2,0,2,0,0,0,0,0,0,0,0,0,0,0,12.8,0,0,0,0,3,0,0,0,0,0,0,0,0,0,0,4.8,8.2,5.6,0,0,0,0,0,7.6,0,0,0,19,0,0,0,9.6,0,3.2,0.2,0,20.6,0,0,0,0,0,0,0,0.6,0,0,0,0,0,0,0.8,0,0,0.2,0,0,0,0.6,0,0,0.2,0,0,0,0,0,0,0,0,0,1.6,0,0,0,0,0,0,0,38.6,0.2,0.2,0,0,0.2,0,0,0,0,0,0,23.2,0,0,0,0,0,0,0,0,0,28.6,0,0,0,0,0,14.8,0,3.2,0,0,2,0,0,0,0,0,153.8,0,0,0,0,1,0,0,0,0,0,0,0,0,0,0,0,0,0,0,0,0,0,0,0,0,0,0,7.2,0,1.8,0,54.2,0,0,0,3.2,0,0,0,16,0,0,0,2
Tängersjö,151366,637121,,2011,-0.069815295,0,0,0,0,0,0,0,0,0,0,2.6,0,0,0,0,2.4,61.8,0,0,0,0,0,0,0,0,0,0,13.4,17.2,0,0,0,0,0,0,0,0,0,0,0,10.8,14.4,8,18,0,0,1.2,0,10.4,0,4,2.8,6,0,9.2,0,0,0,0.4,1.6,0,1.6,0,0,3.4,0,0,0,0,0,0.4,0,1.4,0,0,0,0,0,0,0,0,0,1.2,0,0,0,0,0,0,0,0,0,0,0,0,0,0,0,0,0,0,0,0,4.4,0,0,4,0,0,0,0,0,0,0,2,6,0,6,0,257.6,0,0,0,0,0,0,0,0.4,0,0,0,0,0,4.8,0,0,0.2,0,0,0,0,0,0,0,0,0,0,0,0.4,0,0,0,0,0,0,0,0,0,0,0,0,0,0,0,5,0,3.2,0,0,0,0,0,0,0,0,0,0,0,0,0.4,0,0,0,0,61.8,0,0,0,0,0,0,0,16.4,0,0,0,6,0,0,0,0,20.4,50,0,0,0,0.4,0,0,0,0,0,0,0,0,0,0,0,0,0,0,0,0,0,0,0,0,0,0,0,0,0,0,60.4,0,0,2.4,0,0,0,0,0.4,0,0,0,5.6
Tärnan,164478,660688,,2011,-0.224910539,0,12.4,0,0,0,1.6,0,0,0,0,0.8,0,0,0,0,0,108.2,0.4,0,0,0,0,0.4,0,0,0,0,17.2,313.6,0,0,0,0,2.8,0,0,0,0,0,0,0.8,1.2,2.2,0,0,0,0,0,13.4,0,0,0,1.4,1.2,2.6,0,2.2,0,2.2,0.8,0,15.4,0,0,3.6,0,0,3.4,11.8,8,1.8,0,0.4,0,0,0,0,0,0,0,0,0,0.4,0.2,0,0,0,0,1.8,0,0,0,0,0,0,0,0,0,0,0,0,0,0,0,0,0,2.2,0,0,0,1,0,0,0,1,0,2,7.2,0,106.4,0,0,0,0,0,0,0,0,0,0,0,0,0,0.2,17.2,0,0,8.6,0,0,0,0,0,0,0,0,0,0,0,0,0,0,0,0,5.6,0,0.8,0,0,0,0.2,0,16,0.4,11,0.4,14.4,0,2,0,0,0,0,0,0.6,0,0,0,0,0.4,0,0,0,0,13.8,0,0,0,0,0,0,2.8,4.8,0,0,0,3.6,0,0,0,0,35.4,1.2,0,0,0,0,0,0,0,0,0,0,0,0,0.4,0,0,0,0,0,0,0,0,0,0,0,0.4,0,0,0,0,0,9.6,0,0,0,2.2,0,0,0,0,0,0,0,0
Ulvsjön,130182,661521,,2011,-0.005652835,0,0.6,0,0,0,0,0,0,0,0,0,0,0,0,0,0,0,0,0,0,0,0,0,0,0,0,0,15.2,2.8,0,0,0,0,0,0,0,0,0,0,0,0,2,0,0,0,0,0,0,2.4,0,0,0,0,0.4,0,0,0.2,0,0,0,0,0,0,0,0,0,0,0,0,0,0,0,0,0,0,0,0,0,0,0,0,0,0,0,0,0,0,0.4,0,0,0,0,0,0,0,0,0,0,0,0,0.2,0,0,0,0,0,0.2,0,0,0,0,0,0,0,0,0,0.2,0.2,0,0.8,0,0,0,0,0,0,0,8.8,1.2,0,0,0,0,0,0.2,0,0,0,0,0,0,0,0,0,0,0,0,0,0,0,0,0,0,0,0,0,0,0,0,0,0,0,1.4,0,0,0,0.2,0,0,0.2,0,0,0.4,0,0,0,0,0,0,0,0,0,0,0,1.2,0,0,0,0,0,0,0,0.4,0,0,0,0.2,0,0,0,0,1.6,0.2,0,0,0,0,0,0,0,0,0,0,0,0,0,0,0,0,0,0,0,0,0,0,0,0,0,0.8,0,0,0,0,8.8,0,0,0,0.2,0,0,0,0,0,0,0,0
V. Rännöbodsjön,156127,691365,,2011,-0.093661416,0,0,0,2.8,0,0,0,0,0,0,0.2,0,0,0,0,0,3.6,0,0,0,0,0,0,0,0,0,0,167.2,0,0,0,0,0,33.8,0,0,3.4,0,0,0,39.2,53.2,0,0,20.8,0,0,0,10.8,0,0,0,7.6,14.4,2.6,0,3.6,0,1.4,0,0,0,0,0,0,0,0,0,7.8,0.6,0,0,0,0,0,0,0,0,0,0,0,0,7.2,0,0,0,0,0,0,0,0,0,0,0,0,0,0,0,0,0,0,0,0,0,0,0,6,0,0,0,0,0,0,0.2,0.2,0,0,0,0,14.6,0,0,0,0,0,0,0,0,0,7.6,0,0,0.4,0,0,0,2.2,0,0,0,0,0,0,0,0,0,0,0,0,0,1.6,0,0,0.8,0,0,0,0,0,0,0,0,0,0,3,0,0.6,6.6,1.4,0,2,0,0.8,0,15.4,0,0,0,0,0,0,0,0,1.8,4,0,0,0,0,0,0,0,13.6,0,0,0,7.4,0,0,0,0,29.2,5.8,0,0,0,0,0,0,0,0,0,0,0,0,0.4,0,0,0,0,0,0,0,0,0,0,0,0,0,0,0,0,0,53,0,0,0,0,0,0,10.8,0,0,0,4.6,0
Valasjön,158665,698918,,2011,-0.20920927,0.6,0,0,0.4,0,0,0,0,0,0,0,0,0,0,0,0,75.2,0,0,1.2,0,0,0,0,0,0,0,73.4,0,0,0,0,0,0.2,0.2,0,0,0,0.2,0,0.6,23.4,0,0,0,0,0,2.8,44.8,0,0,0,0,0,0.2,0,1.8,0,0.4,0,0,9.4,0,0,0,0,0,0.8,3.8,1.8,0,0,0,0,0,0,0,0,0.2,0,0,0,0.4,0,0,0,0,0,0,0,0,0,0,0.6,0,0,0,0,0.2,0,0,0,0,0,0,0,7,0.2,0,0,0.2,0,0,0,2.2,0,24.4,6.2,0,44,0,0,2.6,0,0,0,0,10.4,0.4,0,0,0,0.2,0,2.4,0,0,0,0,0,0,3.8,0,0,0,0,0,0,0,0,0,0,0,0.2,0.2,0,0,0,0,0,0,0,116,5.4,0,0,2.8,0.4,0,0,0,1.4,0,0,1.4,0,0,1.6,0,0,0,0,0,0,34.6,0,0,0,0,0,6.2,0,3.8,0,0,0,0.6,0,0,0,0,3.2,0.4,0,0.6,0,0,0,0,0.6,0,0,0,0,0,0,0.2,0,0,0,0,0,0.2,0,0,0,0,1.2,0.2,0,0,0,0,48,0,0,0,3.8,0,0,0,0,0,0,0.2,2.4
Vuolgamjaure,162653,728744,,2011,-0.007424543,0.2,0,0,0,0,0,0,0,0,0,2.6,0,0,0,0,0,0,0,0,0,0,0,0,0,0,0,0,0,0,0,0,0,3.2,1.2,0,0,0.2,0,0,0,0,0,0,0,0,0,0,0,3.8,0,0,0,11,0,0,0,0,0,1.8,0,0,0,0,0,0,0,0,0,0,0,0,0,0,0,0,0,0,0,0,0,0,0,0,0,0,0,0,0.4,0,0,0,0,0,0.2,0,0,0,0,0,0,0,0,0,0,0,0,1.4,0,0,0,2.8,0,0,0,0,0,0,8.2,0,8,0,0,0,0,0,0,0,0,0,0,0,0,0,0.4,0.4,0,0,0,0,0,0.2,0.2,0,0,0,0,0,0,0,0,0,0,0,0,0,0,0,0,0,0,0,0,0.6,0,0,0,0,0,0,0,0,0,0,0,19,0,0,0.2,0,0,0,0,0,0,0.4,0,0,0,0,0,0.2,0,0,0,0,12.8,0,0,0,0,0,8.2,0,0,0,8.8,0,0,0,0,0,0,0,0,0,0,0,0,0,0,0,0,0,0,0.8,0,0,0,0,2.6,0,0,0,0.8,0,0,0,0,0,0,0,0,0,0,0,0.2
Västra Solsjön,129783,655863,,2011,-0.087900127,3.4,0,0,0,0,0,0,0,0,0,0,0,0,0,0,0,6,0,0,0,0,0,0,0,0,0,0,3.4,0,0,0,0,0,0,0,0,0,0,0,0,0,0.2,0,0.4,0,0,0,0,0.6,0,0,0,0.2,0,0,0,0.2,0,0,0,0,0.2,0,0,2.4,0,0,0,0,0,0,0,0,0,0,0,0,0,0,0,0,0,0,0,0,0,0,0.2,0,0,0,0,0,0,0,0,0,0,0,0,0,0,0.2,0,0,0,0,0,0,0,0,0,0,0,1.2,0.2,0.2,0,0,2.4,0,0,0.2,0,0,0,0,0,0,0,0,0,0,0,0,0,0,0,0,0,0,0,0,0,0,0,0,0,0,0,0,0,0,0,0.2,0,0,0,0,0,0,0,0,0,0,0,0,0,0,0,0,0,0,0,0,0,0,0,0,0,0.2,0,0,0,1,0,0,0,0,0,0,0,0.2,0,0,0,0.4,0,0,0,0,10.4,0,0,0,0,0,0,0,0,0,0,0,0,0,0,0,0,0,0,0,0,0,0,0,0,0,0,0,0,0,0,0,6.2,0,0,0,0,0,0,0,0,0,0,0,0.6
Älgarydssjön,140731,633989,,2011,0.057553353,0.4,0,0,0,0,0,0,0,0,0,0.2,0,0,0,0,0,7,0,0,0,0,0,0,0,0,0,0,0,0,0,0,0,0,0,0,0,0,0,0,0,0,0.4,0,0,0,0,0,0,0.6,0,0,0.4,0.2,0,0.4,1,0,0,0,0.2,0,1,0,0,0.2,0,0,1.6,0,0,0,0,0,0,0,0,0,0,0,0,0,0,0,0,0,0,0,0,0,0,0,0,0,0,0,0,0,0,0,0,0,0,0,0,0,0,0.6,0,0,0,0,0,0,0,0,0,0,0,0,7.6,0,0,0,0,0,0,0,1.8,0,0,0.2,0,0,0,0,0,0,0.2,0,0,0,0,0,0,0,0,0,0,0,0,0,0,0,0,0,0,0,0,0,0,0,0,0,0,0.2,0,0,0,0,0,0,0,0,0,0,0.2,0,0,0,0,0,0,0,0,0,0,0,0,0,0,0,0,0,0,0,0,0,0,0,0,0,10.6,0.4,0,0,0,0,0,0,0,0,0,0,0,0.2,0,0,0,0,0,0,0,0,0,0,0,0,0,0,0,0,0,0,0.8,0,0,0,0,0,0,0,0,0,0,0,0
Örsjön_2,143063,624038,,2011,-0.014132479,0,1.8,0,0,0,0,0,0,0,0,0.2,0,0,0,0,0,13.8,0.2,0,0,0,0,0,0,0,0,0,18.8,99.6,0,0,0,0,0,0,0,0,0,0,0,0.8,12.6,0,0,0,0,0,0,1,0,0,0,0,0,1.6,0,0.2,0,0,0,0,0.8,0,0,1.6,0,0,0.6,0,0,0.2,0,0,0,0,0,0,0,0,0,0,0,0,0,0,0,0,0,0,0,0,0,0,0,0,0,0,0,0,0,0,0,0,0,0,0,0.8,0,0,0,0,0,0,0,0,1.6,0,7.8,0,4,0,0,0,0,0,0,0,0,0,0,0.4,0,0,0,1.8,0,0,1,0,0,0,0,0,0,0,0,0,0,0,0,0,0,0,0,0.6,0,0,0,0,0,0,0,0,0,1.8,0,15.8,0,0,0,0,0.8,0,0,0,0,0,0,0,0,0,0,0,0,21.4,0,0,0,0,0,0,0,0.2,0,0,0,4,0,0,0,0,13,4.4,0,0,0,0,0,0,0,0,0,0,0,0,2.6,0,0,0,0,0,0,0,0,0.2,0,0,0,0,0,0,0,0,2.4,0,0,0,0,0,0,0.2,0,0,0,0,0
Översjön,136192,664410,,2011,0.05344951,0,0.6,0,0,0,0,0,0,0,0,0,0,0,0,0,0,9.4,0,0,0,0,0,0,0,0,0,0,0,0,0,0,0,0,0,0,0,0,0,0,0,0,0.6,0,0,0,0,0,0,1,0,0,0,1,0,0.2,0,0,0,0.6,0,0,0,0,0,0,0,0,0,0,0,0,0,0,0,0,0,0,0,0,0,0,0,0.2,0,0.2,0,0,0,0,0,0,0,0,0,0,0,0,0,0,0,0,0,0,0,0,0,0,0,0,0,0,0,0,0,0,0,0,0,0,17.6,0.2,0,0.4,0,0,0,0,0,0,0,0,0,0.2,0,0,0,0,0,0,0,0,0,0,0,0,0,0,0,0,0,0,0,0,0,0,0,0,0,0,0,0,0,0,0,0.2,0,0.4,0,0,0,0,2.4,0,0,0,0,0,0,0,0,0,0,0,0,2.4,0,0,0,0,0,0,0,1.2,0,0,0,0,0,0,0,0,1.2,0.2,0,0,0,0,0,0,0,0,0,0,0,0,0,0,0,0,0,0,0,0,0,0,0.4,0,0,1.2,0,0,0,0,3,0,0,0,0,0,0,0.4,0.2,0,0,0,0
Överudssjön,133982,659105,,2011,0.050554319,0,0,0,0,0,0,0,0,0,0,0,0,0,0,0,0,0,0,0,0,16,0,0,0,0,0,0,280.7,16,0,0,0,0,417,0,0,0,0,0,0,0,2221.5,0,264.7,0,0,0,0,48.1,0,0,0,385,24.1,0,0,8,0,0,0,0,8,0,0,0,0,40.1,473.2,0,0,0,0,0,0,0,0,0,0,0,0,0,0,112.3,0,0,0,0,0,0,0,0,0,0,0,0,0,0,0,0,0,0,0,0,0,0,0,264.7,0,0,0,0,0,0,0,16,0,0,0,0,16,0,0,0,0,0,0,0,8,0,0,0,0,8,0,0,0,0,0,0,0,0,0,0,0,0,0,0,0,0,0,0,0,0,0,0,0,0,0,0,0,8,0,0,0,8,0,0,0,0,0,0,0,0,0,144.4,16,0,0,0,0,0,0,0,16,128.3,0,0,0,0,0,0,0,401,0,0,0,8,0,0,0,0,32.1,40.1,0,0,0,0,0,0,0,0,0,0,0,0,0,0,0,0,0,0,0,0,0,0,0,0,0,240.6,0,0,0,0,954.4,0,0,0,0,0,0,0,48.1,0,0,0,0
Övre Fjätsjön,134197,690617,,2011,0.308231282,0,0,0,0,0,0,0,0,0,0,0,0,0,0,0,0,0,0,0,0.2,0,0,0,0,0,0,0,0,0,0,0,0,0,0,0,0,0,0,0,0,0,0.4,0,0,0,0,0,0,1,0,0,0,0.2,0,0,0,0,0,0,0,0.4,0,0,0,0,0,0.4,0,0,0,0,0,0,0,0,0,0,0,0,0,0,0,0,0,0,0,0,0.6,0,0,0,0,0,0,0,0,0,0,0,0,0,0,0,0,0,0,0,0,0,0,0.8,0,0,0,0,0,0,0,0,0,0,0,0,0,0,0,0,0,0,0,0,0,0,0,0,0,0,0,0,0,0.2,0,0,0.2,1.4,0.2,0,0,0,0,0,0,0,0,0,0,0,0,0,0,0,0,0,0,0,0,0,0,0,0,0,0,0,0,0.2,0,0,0,0,0,0,0,0,0,0.4,0,0,0,0,0,1,0,0,0,0,0,0,0,0,0,0,0.2,0,0,0,0,0,0,0,0,0,0,0,0,0,0,0,0,0,0,0,0,0,0,0,0,0,0,0,0,0,0,0,0,0,0,0,0,0,0,0.2,0,0,0,0,0
Övre Skärsjön,148571,663532,,2011,0.043965883,0,0,0,0,0,0,0,0,0,0,0.8,0,0,0,0,0,83.8,1.6,0,0,0,0,0,0,0,0,0,0,0,0,0,0,0,0,0,0,0,0,0,0,0,0,0,0,0,0,0.8,0,1.2,0,0,0.4,0.2,0,0.2,0,0,0,1.6,0.4,0,2.8,0,0,0,0,0,0,0,0,0,0,0,0,0,0,0,0,0,0,0,0,0,0,0,0,0,0,0,0,0,0,0.8,0,0,0,0,0,0.4,0,0,0,0,0,0,0,2,0,0,0,0,0,0,0,14.4,0,0.2,0,0,40.8,0,0,0,0,0,0,0,0,0,0,0,0,0,0.4,0.2,0,0,0,0.2,0,0.4,0,0,0,0,0,0,0,0,0,0,0,0,0,0,0,0,0,0,0,0,0,0.2,0,0,0,0.8,0,0,0,0,0,0,0,0,0,0,0,0,0,0,0,0,0,0.8,0,0,0,0,0,4,0,3,0,0,0,0,0,0,0,0,3.6,0,0,0,0,0,0,0,0,0,0,0,0,0,0,0,0,0,0,0,0,0,0,0,0,0,0,0,0,0,0,0,4.2,0,0,0,0,0,0,0.2,0,0,0,0,0
